REGION,TECHNOLOGY,YEAR,VALUE
RD,DIST_BIM,2018,180.0448615064955
RD,DIST_BIM,2019,135.43439225590004
RD,DIST_BIM,2020,237.93069605340003
RD,DIST_BIM,2021,535.2941820468
RD,DIST_BIM,2022,423.6953654110279
RD,DIST_BIM,2023,407.746552158155
RD,DIST_BIM,2024,384.246994952862
RD,DIST_BIM,2025,373.953077901333
RD,DIST_BIM,2026,374.36856575337
RD,DIST_BIM,2027,846.36166098608
RD,DIST_BIM,2028,813.3240495212301
RD,DIST_BIM,2029,780.937993779206
RD,DIST_BIM,2030,749.201385430008
RD,DIST_BIM,2031,717.8566907924901
RD,DIST_BIM,2032,687.158036526382
RD,DIST_BIM,2033,657.1222194131001
RD,DIST_BIM,2034,627.7532126426441
RD,DIST_BIM,2035,599.0655289919579
RD,DIST_BIM,2036,571.023857834592
RD,DIST_BIM,2037,543.6488509400521
RD,DIST_BIM,2038,516.956833574787
RD,DIST_BIM,2039,490.90630069448406
RD,DIST_BIM,2040,465.52529367586
RD,DIST_BIM,2041,439.670444020062
RD,DIST_BIM,2042,414.568549763152
RD,DIST_BIM,2043,390.181096450068
RD,DIST_BIM,2044,366.531665890186
RD,DIST_BIM,2045,343.61891579313004
RD,DIST_BIM,2046,321.4541091745751
RD,DIST_BIM,2047,300.00767939871
RD,DIST_BIM,2048,279.30020231757004
RD,DIST_BIM,2049,259.326747209256
RD,DIST_BIM,2050,240.100600939056
RD,DIST_NGS,2018,135.36604366915225
RD,DIST_NGS,2019,116.21317643739486
RD,DIST_NGS,2020,180.5000601944384
RD,DIST_NGS,2021,332.16571428549497
RD,DIST_NGS,2022,702.5842897960669
RD,DIST_NGS,2023,542.6736370751006
RD,DIST_NGS,2024,612.9133681239307
RD,DIST_NGS,2025,563.3947568661835
RD,DIST_NGS,2026,576.4125814721555
RD,DIST_NGS,2027,588.9623116217118
RD,DIST_NGS,2028,601.0588149576679
RD,DIST_NGS,2029,612.6457509289551
RD,DIST_NGS,2030,623.7489510707916
RD,DIST_NGS,2031,633.9598082386027
RD,DIST_NGS,2032,643.6988333599259
RD,DIST_NGS,2033,652.956094400966
RD,DIST_NGS,2034,661.7364648830542
RD,DIST_NGS,2035,670.0465696820535
RD,DIST_NGS,2036,677.8723326273705
RD,DIST_NGS,2037,685.2222164237355
RD,DIST_NGS,2038,692.1033172804109
RD,DIST_NGS,2039,698.4986214100048
RD,DIST_NGS,2040,704.4180045806469
RD,DIST_NGS,2041,708.9576119083317
RD,DIST_NGS,2042,713.0402100882234
RD,DIST_NGS,2043,716.6812430746692
RD,DIST_NGS,2044,720.0127280860048
RD,DIST_NGS,2045,722.890233353052
RD,DIST_NGS,2046,725.3197063570685
RD,DIST_NGS,2047,727.2912055911413
RD,DIST_NGS,2048,728.8036669511908
RD,DIST_NGS,2049,729.8701091609448
RD,DIST_NGS,2050,730.4731831461559
RD,DIST_COA,2018,165.94304943645002
RD,DIST_COA,2019,170.5124171484
RD,DIST_COA,2020,395.037392197644
RD,DIST_COA,2021,388.1016212112
RD,DIST_COA,2022,915.384202960896
RD,DIST_COA,2023,735.9559539976801
RD,DIST_COA,2024,588.33561441888
RD,DIST_COA,2025,520.221655628744
RD,DIST_COA,2026,513.0694801308321
RD,DIST_COA,2027,505.923284558286
RD,DIST_COA,2028,498.81130650253806
RD,DIST_COA,2029,491.70692902372
RD,DIST_COA,2030,484.639242059028
RD,DIST_COA,2031,466.97625554182406
RD,DIST_COA,2032,449.59850036820006
RD,DIST_COA,2033,432.533952012288
RD,DIST_COA,2034,415.753229178624
RD,DIST_COA,2035,399.2832649884
RD,DIST_COA,2036,383.112704022048
RD,DIST_COA,2037,367.2273727553141
RD,DIST_COA,2038,351.6517630151
RD,DIST_COA,2039,336.363487680264
RD,DIST_COA,2040,321.385558388504
RD,DIST_COA,2041,286.24815549556
RD,DIST_COA,2042,252.014538936942
RD,DIST_COA,2043,218.70333068352
RD,DIST_COA,2044,186.295330182624
RD,DIST_COA,2045,154.809279735144
RD,DIST_COA,2046,124.234850253136
RD,DIST_COA,2047,94.567051734012
RD,DIST_COA,2048,65.817524497946
RD,DIST_COA,2049,37.977149630124
RD,DIST_COA,2050,11.05252056
RD,PPHDAM,2018,3.914757
RD,PPHDAM,2019,2.184084
RD,PPHDAM,2020,2.856105
RD,PPHDAM,2021,3.325077
RD,PPHDAM,2022,3.238389
RD,PPHDAM,2023,2.569392
RD,PPHDAM,2024,2.4270120000000004
RD,PPHDAM,2025,2.4270120000000004
RD,PPHDAM,2026,2.462922
RD,PPHDAM,2027,2.498832
RD,PPHDAM,2028,2.534742
RD,PPHDAM,2029,2.570652
RD,PPHDAM,2030,2.6065620000000003
RD,PPHDAM,2031,2.642472
RD,PPHDAM,2032,2.678382
RD,PPHDAM,2033,2.714292
RD,PPHDAM,2034,2.7502020000000003
RD,PPHDAM,2035,2.786112
RD,PPHDAM,2036,2.822022
RD,PPHDAM,2037,2.8579320000000004
RD,PPHDAM,2038,2.893842
RD,PPHDAM,2039,2.929752
RD,PPHDAM,2040,2.965662
RD,PPHDAM,2041,3.0015720000000004
RD,PPHDAM,2042,3.037545
RD,PPHDAM,2043,3.073455
RD,PPHDAM,2044,3.1093650000000004
RD,PPHDAM,2045,3.145275
RD,PPHDAM,2046,3.181185
RD,PPHDAM,2047,3.217095
RD,PPHDAM,2048,3.253005
RD,PPHDAM,2049,3.2889150000000003
RD,PPHDAM,2050,3.324825
RD,INORG_RCY_OS,2018,15.1956
RD,INORG_RCY_OS,2019,15.863400000000002
RD,INORG_RCY_OS,2020,14.7483
RD,INORG_RCY_OS,2021,16.2162
RD,INORG_RCY_OS,2022,17.2746
RD,INORG_RCY_OS,2023,17.904600000000002
RD,INORG_RCY_OS,2024,18.4212
RD,INORG_RCY_OS,2025,24.694194637429895
RD,INORG_RCY_OS,2026,26.44488410194183
RD,INORG_RCY_OS,2027,28.279220814014234
RD,INORG_RCY_OS,2028,30.134963668454144
RD,INORG_RCY_OS,2029,32.07980698179263
RD,INORG_RCY_OS,2030,34.07710922081094
RD,INORG_RCY_OS,2031,36.19846633365574
RD,INORG_RCY_OS,2032,38.35482763628401
RD,INORG_RCY_OS,2033,40.534600029862375
RD,INORG_RCY_OS,2034,43.47756290577582
RD,INORG_RCY_OS,2035,46.48959811419065
RD,INORG_RCY_OS,2036,49.732799938444685
RD,INORG_RCY_OS,2037,53.05995595325824
RD,INORG_RCY_OS,2038,56.46378763782854
RD,INORG_RCY_OS,2039,59.95184499508794
RD,INORG_RCY_OS,2040,63.51605203563816
RD,INORG_RCY_OS,2041,67.37345909977644
RD,INORG_RCY_OS,2042,71.32969020946771
RD,INORG_RCY_OS,2043,75.37436091327855
RD,INORG_RCY_OS,2044,79.51757492355186
RD,INORG_RCY_OS,2045,83.75459934377795
RD,INORG_RCY_OS,2046,88.34606066420764
RD,INORG_RCY_OS,2047,93.04509647223088
RD,INORG_RCY_OS,2048,97.86771501131501
RD,INORG_RCY_OS,2049,102.8027108163406
RD,INORG_RCY_OS,2050,107.85385824813352
RD,COMPOST,2025,1.0175571394342569
RD,COMPOST,2026,1.9751655320267971
RD,COMPOST,2027,2.884547140746322
RD,COMPOST,2028,3.7692661785855273
RD,COMPOST,2029,4.635667726807857
RD,COMPOST,2030,5.499389800660046
RD,COMPOST,2031,6.366418348113244
RD,COMPOST,2032,7.234083614831698
RD,COMPOST,2033,8.106920005972489
RD,COMPOST,2034,8.893137867090473
RD,COMPOST,2035,9.705393493654576
RD,COMPOST,2036,10.578874424732994
RD,COMPOST,2037,11.484516116376351
RD,COMPOST,2038,12.424201775498716
RD,COMPOST,2039,13.388003331146011
RD,COMPOST,2040,14.381624257147422
RD,COMPOST,2041,15.451620624920697
RD,COMPOST,2042,16.5559150811563
RD,COMPOST,2043,17.69915522209249
RD,COMPOST,2044,18.869325507078926
RD,COMPOST,2045,20.0740377242268
RD,COMPOST,2046,21.372681458707618
RD,COMPOST,2047,22.716195619563376
RD,COMPOST,2048,24.092865893382253
RD,COMPOST,2049,25.50762482697276
RD,COMPOST,2050,26.961368684492594
RD,LANDFILL,2018,81.1338255
RD,LANDFILL,2019,84.716289
RD,LANDFILL,2020,78.7676715
RD,LANDFILL,2021,86.5972485
RD,LANDFILL,2022,92.266713
RD,LANDFILL,2023,95.603256
RD,LANDFILL,2024,98.3748465
RD,LANDFILL,2025,126.97938634806412
RD,LANDFILL,2026,153.70350784268936
RD,LANDFILL,2027,182.12691868918225
RD,LANDFILL,2028,212.07045311131824
RD,LANDFILL,2029,244.03561769389916
RD,LANDFILL,2030,278.01780063313646
RD,LANDFILL,2031,314.65862792589894
RD,LANDFILL,2032,353.4184849538008
RD,LANDFILL,2033,394.3618163509624
RD,LANDFILL,2034,402.8683234032609
RD,LANDFILL,2035,411.23685903753466
RD,LANDFILL,2036,420.8640941788781
RD,LANDFILL,2037,430.38278042282417
RD,LANDFILL,2038,439.8023849909566
RD,LANDFILL,2039,449.09677898262487
RD,LANDFILL,2040,458.2644987811618
RD,LANDFILL,2041,468.8279203739007
RD,LANDFILL,2042,479.33634958396897
RD,LANDFILL,2043,489.77416734578406
RD,LANDFILL,2044,500.1203386777803
RD,LANDFILL,2045,510.3958601873381
RD,LANDFILL,2046,522.1484418842577
RD,LANDFILL,2047,533.8772382778957
RD,LANDFILL,2048,545.5727437442656
RD,LANDFILL,2049,557.2392313884644
RD,LANDFILL,2050,568.8887393424648
RD,NO_CONTR_OD,2018,87.45075149999998
RD,NO_CONTR_OD,2019,89.108439
RD,NO_CONTR_OD,2020,87.640833
RD,NO_CONTR_OD,2021,98.9175285
RD,NO_CONTR_OD,2022,108.134271
RD,NO_CONTR_OD,2023,112.0464135
RD,NO_CONTR_OD,2024,115.2910605
RD,NO_CONTR_OD,2025,110.25371274510954
RD,NO_CONTR_OD,2026,100.10011731696989
RD,NO_CONTR_OD,2027,88.96377828888562
RD,NO_CONTR_OD,2028,76.73835830850078
RD,NO_CONTR_OD,2029,63.58315520016789
RD,NO_CONTR_OD,2030,49.38813079166295
RD,NO_CONTR_OD,2031,34.15751185174918
RD,NO_CONTR_OD,2032,17.708304149672415
RD,AERO_PTAR,2018,6.33582711
RD,AERO_PTAR,2019,6.7947915000000005
RD,AERO_PTAR,2020,6.48384046
RD,AERO_PTAR,2021,7.314505050000002
RD,AERO_PTAR,2022,7.98761574
RD,AERO_PTAR,2023,8.4833122
RD,AERO_PTAR,2024,8.934455039999998
RD,AERO_PTAR,2025,10.062370586098652
RD,AERO_PTAR,2026,10.562940796016042
RD,AERO_PTAR,2027,11.070705938116468
RD,AERO_PTAR,2028,11.576691906254588
RD,AERO_PTAR,2029,12.100753629675934
RD,AERO_PTAR,2030,12.642746668439036
RD,AERO_PTAR,2031,13.215512335244368
RD,AERO_PTAR,2032,13.798890478272796
RD,AERO_PTAR,2033,14.391479344330492
RD,AERO_PTAR,2034,15.173901813765251
RD,AERO_PTAR,2035,15.978449710982526
RD,AERO_PTAR,2036,16.861580335710105
RD,AERO_PTAR,2037,17.762860773165563
RD,AERO_PTAR,2038,18.686210651896875
RD,AERO_PTAR,2039,19.638787021057965
RD,AERO_PTAR,2040,20.608252617146597
RD,AERO_PTAR,2041,21.67512308686183
RD,AERO_PTAR,2042,22.768075321956463
RD,AERO_PTAR,2043,23.88558031617385
RD,AERO_PTAR,2044,25.038431886962847
RD,AERO_PTAR,2045,26.219254339091947
RD,AERO_PTAR,2046,27.502983623126145
RD,AERO_PTAR,2047,28.830769588038155
RD,AERO_PTAR,2048,30.180486869886565
RD,AERO_PTAR,2049,31.576150567290583
RD,AERO_PTAR,2050,33.003744931818325
RD,SEPT_SYST,2018,2.03503239
RD,SEPT_SYST,2019,2.17543425
RD,SEPT_SYST,2020,2.02625526
RD,SEPT_SYST,2021,2.22369345
RD,SEPT_SYST,2022,2.2163668
RD,SEPT_SYST,2023,2.1575884
RD,SEPT_SYST,2024,2.093013
RD,SEPT_SYST,2025,2.1321653421177214
RD,SEPT_SYST,2026,2.1268037127948927
RD,SEPT_SYST,2027,2.118807248177491
RD,SEPT_SYST,2028,2.1057437058211965
RD,SEPT_SYST,2029,2.09316012346746
RD,SEPT_SYST,2030,2.0789514635272464
RD,SEPT_SYST,2031,2.0676611355130965
RD,SEPT_SYST,2032,2.053568035347324
RD,SEPT_SYST,2033,2.0365625791006727
RD,SEPT_SYST,2034,2.042606854961086
RD,SEPT_SYST,2035,2.0451340866963887
RD,SEPT_SYST,2036,2.0512334141956927
RD,SEPT_SYST,2037,2.0536774724351106
RD,SEPT_SYST,2038,2.0529661727003545
RD,SEPT_SYST,2039,2.0484087949407415
RD,SEPT_SYST,2040,2.040575082205352
RD,SEPT_SYST,2041,2.0354707447679874
RD,SEPT_SYST,2042,2.026849102423854
RD,SEPT_SYST,2043,2.014559880929735
RD,SEPT_SYST,2044,1.9981511245598913
RD,SEPT_SYST,2045,1.978275782172676
RD,SEPT_SYST,2046,1.9600188374600909
RD,SEPT_SYST,2047,1.9378481060040929
RD,SEPT_SYST,2048,1.911489582717528
RD,SEPT_SYST,2049,1.8808021820292928
RD,SEPT_SYST,2050,1.8460108576803564
RD,REF_DSL,2018,682.7028068394541
RD,REF_DSL,2019,790.6512840408518
RD,REF_DSL,2020,654.6118915732636
RD,REF_DSL,2021,792.3988890759467
RD,REF_DSL,2022,807.3967319229838
RD,REF_DSL,2023,830.3324902540243
RD,REF_DSL,2024,1037.6250837698965
RD,REF_DSL,2025,1054.3482857120182
RD,REF_DSL,2026,1077.548759937416
RD,REF_DSL,2027,1117.190098314426
RD,REF_DSL,2028,1149.531048930955
RD,REF_DSL,2029,1185.743494305584
RD,REF_DSL,2030,1226.8487218719551
RD,REF_DSL,2031,1268.2208264941085
RD,REF_DSL,2032,1338.37947962488
RD,REF_DSL,2033,1387.771693625988
RD,REF_DSL,2034,1439.297973040752
RD,REF_DSL,2035,1492.4919467760003
RD,REF_DSL,2036,1545.142822968819
RD,REF_DSL,2037,1596.65787024927
RD,REF_DSL,2038,1646.4976787476362
RD,REF_DSL,2039,1694.58709053368
RD,REF_DSL,2040,1741.2478876432642
RD,REF_DSL,2041,1784.0363893253332
RD,REF_DSL,2042,1826.1235578081212
RD,REF_DSL,2043,1867.753701327228
RD,REF_DSL,2044,1909.1741196290616
RD,REF_DSL,2045,1950.429673864672
RD,REF_DSL,2046,1991.634878675728
RD,REF_DSL,2047,2032.9041032769048
RD,REF_DSL,2048,2077.321400477211
RD,REF_DSL,2049,2121.825832228845
RD,REF_DSL,2050,2166.425867582011
RD,REF_GSL,2018,843.5796022107999
RD,REF_GSL,2019,1182.8313904572587
RD,REF_GSL,2020,1208.3901290068502
RD,REF_GSL,2021,1237.2142337281616
RD,REF_GSL,2022,1363.6639741927927
RD,REF_GSL,2023,1409.653624005545
RD,REF_GSL,2024,1485.769328537406
RD,REF_GSL,2025,1510.029039020248
RD,REF_GSL,2026,1558.324902972765
RD,REF_GSL,2027,1611.4205399248217
RD,REF_GSL,2028,1661.458524186534
RD,REF_GSL,2029,1701.0647121208035
RD,REF_GSL,2030,1732.8427683925431
RD,REF_GSL,2031,1752.441230791219
RD,REF_GSL,2032,1757.7320112759603
RD,REF_GSL,2033,1750.2031315612642
RD,REF_GSL,2034,1732.6365281050803
RD,REF_GSL,2035,1709.6026259644989
RD,REF_GSL,2036,1688.7246709498586
RD,REF_GSL,2037,1673.2854415538195
RD,REF_GSL,2038,1666.455925815044
RD,REF_GSL,2039,1669.037647888234
RD,REF_GSL,2040,1680.475250709045
RD,REF_GSL,2041,1699.2253820495766
RD,REF_GSL,2042,1724.1409825283606
RD,REF_GSL,2043,1753.7488045967275
RD,REF_GSL,2044,1786.953980311957
RD,REF_GSL,2045,1822.6600155376248
RD,REF_GSL,2046,1860.1552534411944
RD,REF_GSL,2047,1898.7263962858297
RD,REF_GSL,2048,1937.96437686267
RD,REF_GSL,2049,2006.9581849716867
RD,REF_GSL,2050,2046.7886391296809
RD,REF_LPG,2018,157.09053695813333
RD,REF_LPG,2019,171.97742262844525
RD,REF_LPG,2020,150.6260804706967
RD,REF_LPG,2021,176.259464186943
RD,REF_LPG,2022,174.90323072034
RD,REF_LPG,2023,175.5968936030886
RD,REF_LPG,2024,183.22606922839768
RD,REF_LPG,2025,186.66110416032907
RD,REF_LPG,2026,189.66459702383636
RD,REF_LPG,2027,196.51983391285967
RD,REF_LPG,2028,202.62293413897515
RD,REF_LPG,2029,208.9776831271712
RD,REF_LPG,2030,215.41502581648547
RD,REF_LPG,2031,220.9455607786784
RD,REF_LPG,2032,226.54154677220475
RD,REF_LPG,2033,232.0710830570765
RD,REF_LPG,2034,237.59832112219385
RD,REF_LPG,2035,243.16164765558287
RD,REF_LPG,2036,248.6012981364429
RD,REF_LPG,2037,254.0887154832528
RD,REF_LPG,2038,259.6100714459743
RD,REF_LPG,2039,265.2091634594683
RD,REF_LPG,2040,270.85580718112425
RD,REF_LPG,2041,276.0369881660864
RD,REF_LPG,2042,283.2665073323555
RD,REF_LPG,2043,287.2639775026379
RD,REF_LPG,2044,291.0037002775569
RD,REF_LPG,2045,294.7507421879977
RD,REF_LPG,2046,298.52616956039634
RD,REF_LPG,2047,302.25645283917464
RD,REF_LPG,2048,305.97031018638233
RD,REF_LPG,2049,309.61233384957643
RD,REF_LPG,2050,313.1982524526655
RD,REF_FOI,2018,49.84137635948801
RD,REF_FOI,2019,54.161207660040006
RD,REF_FOI,2020,26.319153952776
RD,REF_FOI,2021,34.81740440568
RD,REF_FOI,2022,46.52860118424
RD,REF_FOI,2023,34.41787762226001
RD,REF_FOI,2024,37.397309343488
RD,REF_FOI,2025,35.166526664586
RD,REF_FOI,2026,33.1176328872
RD,REF_FOI,2027,31.551543953792
RD,REF_FOI,2028,29.57093357975
RD,REF_FOI,2029,27.708072528598
RD,REF_FOI,2030,25.89208248
RD,REF_FOI,2031,26.08545381
RD,REF_FOI,2032,26.3057284
RD,REF_FOI,2033,26.530065000000004
RD,REF_FOI,2034,26.7386126
RD,REF_FOI,2035,26.95901548
RD,REF_FOI,2036,27.175455910000004
RD,REF_FOI,2037,27.38783768
RD,REF_FOI,2038,27.608404260000004
RD,REF_FOI,2039,27.82484469
RD,REF_FOI,2040,28.04128512
RD,REF_FOI,2041,27.94706908
RD,REF_FOI,2042,27.85285304
RD,REF_FOI,2043,27.758704490000003
RD,REF_FOI,2044,27.66448845
RD,REF_FOI,2045,27.570272410000005
RD,REF_FOI,2046,27.47605637
RD,REF_FOI,2047,27.381840330000003
RD,REF_FOI,2048,27.287691780000003
RD,REF_FOI,2049,27.193475740000004
RD,REF_FOI,2050,27.0992597
RD,PPBIM,2018,0.0040561199999999
RD,PPBIM,2019,0.00415302
RD,PPBIM,2020,0.00337155
RD,PPBIM,2021,0.0044841899999999
RD,PPBIM,2022,0.00416271
RD,PPBIM,2023,0.00454461
RD,PPBIM,2024,0.00422769
RD,PPBIM,2025,0.00422769
RD,PPBIM,2026,0.00422769
RD,PPBIM,2027,0.01550229
RD,PPBIM,2028,0.0149511
RD,PPBIM,2029,0.01439991
RD,PPBIM,2030,0.0138487199999999
RD,PPBIM,2031,0.0132981
RD,PPBIM,2032,0.01274691
RD,PPBIM,2033,0.01219572
RD,PPBIM,2034,0.01164453
RD,PPBIM,2035,0.01109391
RD,PPBIM,2036,0.01054272
RD,PPBIM,2037,0.00999153
RD,PPBIM,2038,0.00944091
RD,PPBIM,2039,0.00888972
RD,PPBIM,2040,0.00833853
RD,PPBIM,2041,0.00778734
RD,PPBIM,2042,0.00723672
RD,PPBIM,2043,0.00668553
RD,PPBIM,2044,0.00613434
RD,PPBIM,2045,0.00558315
RD,PPBIM,2046,0.00503253
RD,PPBIM,2047,0.00448134
RD,PPBIM,2048,0.00393015
RD,PPBIM,2049,0.00337896
RD,PPBIM,2050,0.0028283399999999
RD,PPCOA,2018,0.02512125
RD,PPCOA,2019,0.0447475
RD,PPCOA,2020,0.0808871
RD,PPCOA,2021,0.0814351999999999
RD,PPCOA,2022,0.0838922
RD,PPCOA,2023,0.0916223
RD,PPCOA,2024,0.0914129999999999
RD,PPCOA,2025,0.0912040499999999
RD,PPCOA,2026,0.0909950999999999
RD,PPCOA,2027,0.0907861499999999
RD,PPCOA,2028,0.09057685
RD,PPCOA,2029,0.0903679
RD,PPCOA,2030,0.09015895
RD,PPCOA,2031,0.0879088
RD,PPCOA,2032,0.0856589999999999
RD,PPCOA,2033,0.0834092
RD,PPCOA,2034,0.0811594
RD,PPCOA,2035,0.07890925
RD,PPCOA,2036,0.07665945
RD,PPCOA,2037,0.07440965
RD,PPCOA,2038,0.0721595
RD,PPCOA,2039,0.0699097
RD,PPCOA,2040,0.0676598999999999
RD,PPCOA,2041,0.0608937
RD,PPCOA,2042,0.0541278499999999
RD,PPCOA,2043,0.047362
RD,PPCOA,2044,0.0405958
RD,PPCOA,2045,0.0338299499999999
RD,PPCOA,2046,0.0270641
RD,PPCOA,2047,0.0202979
RD,PPCOA,2048,0.01353205
RD,PPCOA,2049,0.00676585
RD,PPCCTDSL,2020,12.11
RD,PPCCTDSL,2021,6.433999999999999
RD,PPCCTDSL,2022,1.7799999999999998
RD,PPCCTDSL,2023,6.0440000000000005
RD,PPCCTDSL,2024,48.114
RD,PPCCTDSL,2025,67.892
RD,PPCCTDSL,2026,67.892
RD,PPCCTDSL,2027,67.892
RD,PPCCTDSL,2028,67.892
RD,PPCCTDSL,2029,67.892
RD,PPCCTDSL,2030,67.892
RD,PPCCTDSL,2031,67.892
RD,PPCCTDSL,2032,87.67200000000001
RD,PPCCTDSL,2033,87.67200000000001
RD,PPCCTDSL,2034,87.67200000000001
RD,PPCCTDSL,2035,87.67200000000001
RD,PPCCTDSL,2036,87.67200000000001
RD,PPCCTDSL,2037,87.67200000000001
RD,PPCCTDSL,2038,87.67200000000001
RD,PPCCTDSL,2039,87.67200000000001
RD,PPCCTDSL,2040,87.67200000000001
RD,PPCCTDSL,2041,87.67200000000001
RD,PPCCTDSL,2042,87.67200000000001
RD,PPCCTDSL,2043,87.67200000000001
RD,PPCCTDSL,2044,87.67200000000001
RD,PPCCTDSL,2045,87.67200000000001
RD,PPCCTDSL,2046,87.67200000000001
RD,PPCCTDSL,2047,87.67200000000001
RD,PPCCTDSL,2048,87.67200000000001
RD,PPCCTDSL,2049,87.67200000000001
RD,PPCCTDSL,2050,87.67200000000001
RD,PPCCTNGS,2018,0.0220505599999999
RD,PPCCTNGS,2019,0.0198580199999999
RD,PPCCTNGS,2020,0.0138297
RD,PPCCTNGS,2021,0.02947672
RD,PPCCTNGS,2022,0.02439823
RD,PPCCTNGS,2023,0.0258214599999999
RD,PPCCTNGS,2024,0.0279089999999999
RD,PPCCTNGS,2025,0.0301471799999999
RD,PPCCTNGS,2026,0.0323852199999999
RD,PPCCTNGS,2027,0.0346233999999999
RD,PPCCTNGS,2028,0.0368614399999999
RD,PPCCTNGS,2029,0.03909962
RD,PPCCTNGS,2030,0.0413376599999999
RD,PPCCTNGS,2031,0.0435758399999999
RD,PPCCTNGS,2032,0.04581388
RD,PPCCTNGS,2033,0.0480520599999999
RD,PPCCTNGS,2034,0.0502901
RD,PPCCTNGS,2035,0.05252828
RD,PPCCTNGS,2036,0.05476632
RD,PPCCTNGS,2037,0.0570045
RD,PPCCTNGS,2038,0.0592426799999999
RD,PPCCTNGS,2039,0.0614807199999999
RD,PPCCTNGS,2040,0.0637188999999999
RD,PPCCTNGS,2041,0.0659569399999999
RD,PPCCTNGS,2042,0.0681951199999999
RD,PPCCTNGS,2043,0.0704331599999999
RD,PPCCTNGS,2044,0.07267134
RD,PPCCTNGS,2045,0.0749093799999999
RD,PPCCTNGS,2046,0.07714756
RD,PPCCTNGS,2047,0.0793856
RD,PPCCTNGS,2048,0.08162378
RD,PPCCTNGS,2049,0.08386182
RD,PPCCTNGS,2050,0.0860999999999999
RD,PPCCTNGSDSL,2023,0.0013609399999999
RD,PPCCTNGSDSL,2024,0.01156106
RD,PPCCTNGSDSL,2025,0.01156106
RD,PPCCTNGSDSL,2026,0.01156106
RD,PPCCTNGSDSL,2027,0.01156106
RD,PPCCTNGSDSL,2028,0.01156106
RD,PPCCTNGSDSL,2029,0.01156106
RD,PPCCTNGSDSL,2030,0.01156106
RD,PPCCTNGSDSL,2031,0.01156106
RD,PPCCTNGSDSL,2032,0.01156106
RD,PPCCTNGSDSL,2033,0.01156106
RD,PPCCTNGSDSL,2034,0.01156106
RD,PPCCTNGSDSL,2035,0.01156106
RD,PPCCTNGSDSL,2036,0.01156106
RD,PPCCTNGSDSL,2037,0.01156106
RD,PPCCTNGSDSL,2038,0.01156106
RD,PPCCTNGSDSL,2039,0.01156106
RD,PPCCTNGSDSL,2040,0.01156106
RD,PPCCTNGSDSL,2041,0.01156106
RD,PPCCTNGSDSL,2042,0.01156106
RD,PPCCTNGSDSL,2043,0.01156106
RD,PPCCTNGSDSL,2044,0.01156106
RD,PPCCTNGSDSL,2045,0.01156106
RD,PPCCTNGSDSL,2046,0.01156106
RD,PPCCTNGSDSL,2047,0.01156106
RD,PPCCTNGSDSL,2048,0.01156106
RD,PPCCTNGSDSL,2049,0.01156106
RD,PPCCTNGSDSL,2050,0.01156106
RD,PPICEGASFOI,2018,0.0059185
RD,PPICEGASFOI,2019,0.0054399799999999
RD,PPICEGASFOI,2020,0.0078063
RD,PPICEGASFOI,2021,0.0129749199999999
RD,PPICEGASFOI,2022,0.0242722599999999
RD,PPICEGASFOI,2023,0.01202684
RD,PPICEGASFOI,2024,0.01868566
RD,PPICEGASFOI,2025,0.01868566
RD,PPICEGASFOI,2026,0.01868566
RD,PPICEGASFOI,2027,0.01868566
RD,PPICEGASFOI,2028,0.01868566
RD,PPICEGASFOI,2029,0.01868566
RD,PPICEGASFOI,2030,0.01868566
RD,PPICEGASFOI,2031,0.01868566
RD,PPICEGASFOI,2032,0.01868566
RD,PPICEGASFOI,2033,0.01868566
RD,PPICEGASFOI,2034,0.01868566
RD,PPICEGASFOI,2035,0.01868566
RD,PPICEGASFOI,2036,0.01868566
RD,PPICEGASFOI,2037,0.01868566
RD,PPICEGASFOI,2038,0.01868566
RD,PPICEGASFOI,2039,0.01868566
RD,PPICEGASFOI,2040,0.01868566
RD,PPICEGASFOI,2041,0.01868566
RD,PPICEGASFOI,2042,0.01868566
RD,PPICEGASFOI,2043,0.01868566
RD,PPICEGASFOI,2044,0.01868566
RD,PPICEGASFOI,2045,0.01868566
RD,PPICEGASFOI,2046,0.01868566
RD,PPICEGASFOI,2047,0.01868566
RD,PPICEGASFOI,2048,0.01868566
RD,PPICEGASFOI,2049,0.01868566
RD,PPICEGASFOI,2050,0.01868566
RD,INORG_DCOLL,2018,7.078617
RD,INORG_DCOLL,2019,7.389700500000002
RD,INORG_DCOLL,2020,6.87024975
RD,INORG_DCOLL,2021,7.554046500000001
RD,INORG_DCOLL,2022,8.0470845
RD,INORG_DCOLL,2023,8.340559499999998
RD,INORG_DCOLL,2024,8.581208999999998
RD,INORG_DCOLL,2025,11.503379001936118
RD,INORG_DCOLL,2026,12.318908510821226
RD,INORG_DCOLL,2027,13.173403695861646
RD,INORG_DCOLL,2028,14.037870575554864
RD,INORG_DCOLL,2029,14.943843419018403
RD,INORG_DCOLL,2030,15.87425337869444
RD,INORG_DCOLL,2031,16.86245223376128
RD,INORG_DCOLL,2032,17.86695720723563
RD,INORG_DCOLL,2033,18.882367847244197
RD,INORG_DCOLL,2034,20.25329805360721
RD,INORG_DCOLL,2035,21.656404454860493
RD,INORG_DCOLL,2036,23.16719597132544
RD,INORG_DCOLL,2037,24.71709614822613
RD,INORG_DCOLL,2038,26.30271440795505
RD,INORG_DCOLL,2039,27.927567793545105
RD,INORG_DCOLL,2040,29.58789423993477
RD,INORG_DCOLL,2041,31.38480303064581
RD,INORG_DCOLL,2042,33.22774735591033
RD,INORG_DCOLL,2043,35.111889792102275
RD,INORG_DCOLL,2044,37.04193698522117
RD,INORG_DCOLL,2045,39.01568419430989
RD,INORG_DCOLL,2046,41.15453992607661
RD,INORG_DCOLL,2047,43.34350743998085
RD,INORG_DCOLL,2048,45.590043909437554
RD,INORG_DCOLL,2049,47.88892945527858
RD,INORG_DCOLL,2050,50.2419223005888
RD,ORG_DCOLL,2025,0.4740120341197923
RD,ORG_DCOLL,2026,0.9200979436691488
RD,ORG_DCOLL,2027,1.3437182097309968
RD,ORG_DCOLL,2028,1.7558498281910884
RD,ORG_DCOLL,2029,2.15944854940466
RD,ORG_DCOLL,2030,2.5617990821408063
RD,ORG_DCOLL,2031,2.9656898804960843
RD,ORG_DCOLL,2032,3.3698772839090982
RD,ORG_DCOLL,2033,3.7764735694488447
RD,ORG_DCOLL,2034,4.142720056419641
RD,ORG_DCOLL,2035,4.521095802460761
RD,ORG_DCOLL,2036,4.92799233618811
RD,ORG_DCOLL,2037,5.349870424211983
RD,ORG_DCOLL,2038,5.7876073270864685
RD,ORG_DCOLL,2039,6.236578218425511
RD,ORG_DCOLL,2040,6.699439966454505
RD,ORG_DCOLL,2041,7.197879941108878
RD,ORG_DCOLL,2042,7.712297108638634
RD,ORG_DCOLL,2043,8.24485647429142
RD,ORG_DCOLL,2044,8.78996079871425
RD,ORG_DCOLL,2045,9.35115590653565
RD,ORG_DCOLL,2046,9.956107446181273
RD,ORG_DCOLL,2047,10.581961126113264
RD,ORG_DCOLL,2048,11.223260028667228
RD,ORG_DCOLL,2049,11.882301898564792
RD,ORG_DCOLL,2050,12.559504245526115
RD,BLEND_NO_DCOLL,2018,93.8826525
RD,BLEND_NO_DCOLL,2019,96.565014
RD,BLEND_NO_DCOLL,2020,92.96407575
RD,BLEND_NO_DCOLL,2021,103.9077585
RD,BLEND_NO_DCOLL,2022,112.530054
RD,BLEND_NO_DCOLL,2023,116.60055225
RD,BLEND_NO_DCOLL,2024,119.97844949999998
RD,BLEND_NO_DCOLL,2025,129.264459662141
RD,BLEND_NO_DCOLL,2026,134.3235207762464
RD,BLEND_NO_DCOLL,2027,139.4804609756744
RD,BLEND_NO_DCOLL,2028,144.5823441069266
RD,BLEND_NO_DCOLL,2029,149.96605342462715
RD,BLEND_NO_DCOLL,2030,155.54681192271372
RD,BLEND_NO_DCOLL,2031,161.61396346931983
RD,BLEND_NO_DCOLL,2032,167.8077531661089
RD,BLEND_NO_DCOLL,2033,174.12974355465053
RD,BLEND_NO_DCOLL,2034,177.8857762894334
RD,BLEND_NO_DCOLL,2035,181.58088799524648
RD,BLEND_NO_DCOLL,2036,185.8317761816687
RD,BLEND_NO_DCOLL,2037,190.03473479965152
RD,BLEND_NO_DCOLL,2038,194.1939440836843
RD,BLEND_NO_DCOLL,2039,198.2978668651558
RD,BLEND_NO_DCOLL,2040,202.34585688678496
RD,BLEND_NO_DCOLL,2041,207.01011650000808
RD,BLEND_NO_DCOLL,2042,211.6500943265709
RD,BLEND_NO_DCOLL,2043,216.25889379644065
RD,BLEND_NO_DCOLL,2044,220.82722695172131
RD,BLEND_NO_DCOLL,2045,225.3643648062575
RD,BLEND_NO_DCOLL,2046,230.55369590308027
RD,BLEND_NO_DCOLL,2047,235.73252464245147
RD,BLEND_NO_DCOLL,2048,240.8966538333687
RD,BLEND_NO_DCOLL,2049,246.04797025762343
RD,BLEND_NO_DCOLL,2050,251.1917893305197
RD,PROD_CEM,2025,8.64273956
RD,PROD_CEM,2026,13.7850524
RD,PROD_CEM,2027,19.52390925
RD,PROD_CEM,2028,25.85969256
RD,PROD_CEM,2029,32.79355811999999
RD,PROD_CEM,2030,40.32358266
RD,PROD_CEM,2031,48.450700620000006
RD,PROD_CEM,2032,57.176064
RD,PROD_CEM,2033,66.4979744
RD,PROD_CEM,2034,76.41774268999998
RD,PROD_CEM,2035,86.93339799999998
RD,PROD_CEM,2036,98.04614673
RD,PROD_CEM,2037,109.75741284
RD,PROD_CEM,2038,122.06522848
RD,PROD_CEM,2039,134.96936675
RD,PROD_CEM,2040,148.47218557999997
RD,PROD_CEM,2041,162.57056508
RD,PROD_CEM,2042,177.266038
RD,PROD_CEM,2043,192.56035465
RD,PROD_CEM,2044,208.45122384
RD,PROD_CEM,2045,224.9380863
RD,PROD_CEM,2046,242.02395567
RD,PROD_CEM,2047,259.70505936
RD,PROD_CEM,2048,277.98325647
RD,PROD_CEM,2049,296.86205317
RD,PROD_CEM,2050,316.3345464
RD,SUB134a,2025,28.249666650000005
RD,SUB134a,2026,44.38141365
RD,SUB134a,2027,60.44689796
RD,SUB134a,2028,76.4628491
RD,SUB134a,2029,92.44574897
RD,SUB134a,2030,108.3625452
RD,SUB134a,2031,124.22970635999998
RD,SUB134a,2032,140.063861
RD,SUB134a,2033,155.83184782
RD,SUB134a,2034,171.5667965
RD,SUB134a,2035,187.23560898
RD,SUB134a,2036,202.854966
RD,SUB134a,2037,218.44098984
RD,SUB134a,2038,233.96119195
RD,SUB134a,2039,249.43168128
RD,SUB134a,2040,264.86887494
RD,SUB134a,2041,280.24035259
RD,SUB134a,2042,295.56208832
RD,SUB134a,2043,310.8506436
RD,SUB134a,2044,326.07320499
RD,SUB134a,2045,341.24639834
RD,SUB134a,2046,356.38594136
RD,SUB134a,2047,371.4599798
RD,SUB134a,2048,386.48421804
RD,SUB134a,2049,401.47518096
RD,SUB134a,2050,416.40024486
RD,SUB404A,2025,9.63435238
RD,SUB404A,2026,15.0964486
RD,SUB404A,2027,20.57679192
RD,SUB404A,2028,26.04023064
RD,SUB404A,2029,31.451814
RD,SUB404A,2030,36.88148877
RD,SUB404A,2031,42.29425464
RD,SUB404A,2032,47.6553267
RD,SUB404A,2033,53.03431335
RD,SUB404A,2034,58.3964048
RD,SUB404A,2035,63.706964
RD,SUB404A,2036,69.0352915
RD,SUB404A,2037,74.34671009999998
RD,SUB404A,2038,79.606758
RD,SUB404A,2039,84.88438798
RD,SUB404A,2040,90.14513216
RD,SUB404A,2041,95.35466720000002
RD,SUB404A,2042,100.58164743000002
RD,SUB404A,2043,105.75752622000002
RD,SUB404A,2044,110.95071
RD,SUB404A,2045,116.12701581
RD,SUB404A,2046,121.25238174
RD,SUB404A,2047,126.3949236
RD,SUB404A,2048,131.52055656
RD,SUB404A,2049,136.59541119
RD,SUB404A,2050,141.68723830000002
RD,SUB410A,2025,4.163007960000001
RD,SUB410A,2026,6.50944266
RD,SUB410A,2027,8.874761600000001
RD,SUB410A,2028,11.2067202
RD,SUB410A,2029,13.55748284
RD,SUB410A,2030,15.900947279999995
RD,SUB410A,2031,18.21117168
RD,SUB410A,2032,20.54007982
RD,SUB410A,2033,22.83583695
RD,SUB410A,2034,25.1501897
RD,SUB410A,2035,27.45724425
RD,SUB410A,2036,29.73125925
RD,SUB410A,2037,32.0237575
RD,SUB410A,2038,34.2832964
RD,SUB410A,2039,36.56123835
RD,SUB410A,2040,38.8318821
RD,SUB410A,2041,41.0696868
RD,SUB410A,2042,43.32577425
RD,SUB410A,2043,45.54910285
RD,SUB410A,2044,47.790634
RD,SUB410A,2045,50.02486695
RD,SUB410A,2046,52.22646135
RD,SUB410A,2047,54.446138
RD,SUB410A,2048,56.6332563
RD,SUB410A,2049,58.83837665
RD,SUB410A,2050,61.03622304
