REGION,TECHNOLOGY,EMISSION,YEAR,VALUE
RD,DIST_NGS,CO2e_sources,2018,1.408728931277838
RD,DIST_NGS,CO2e_sources,2019,1.4030816506989738
RD,DIST_NGS,CO2e_sources,2020,1.5806152249169567
RD,DIST_NGS,CO2e_sources,2021,2.007270595294476
RD,DIST_NGS,CO2e_sources,2022,1.908715673489557
RD,DIST_NGS,CO2e_sources,2023,1.875126482991996
RD,DIST_NGS,CO2e_sources,2024,2.645567434927484
RD,DIST_NGS,CO2e_sources,2025,2.746547603795101
RD,DIST_NGS,CO2e_sources,2026,2.844466263257296
RD,DIST_NGS,CO2e_sources,2027,2.9424513030526347
RD,DIST_NGS,CO2e_sources,2028,3.040632621476443
RD,DIST_NGS,CO2e_sources,2029,3.1387030946571186
RD,DIST_NGS,CO2e_sources,2030,3.236762541053141
RD,DIST_NGS,CO2e_sources,2031,3.3327222266959287
RD,DIST_NGS,CO2e_sources,2032,3.428676302338717
RD,DIST_NGS,CO2e_sources,2033,3.524635987981505
RD,DIST_NGS,CO2e_sources,2034,3.6205956736242944
RD,DIST_NGS,CO2e_sources,2035,3.7165553592670815
RD,DIST_NGS,CO2e_sources,2036,3.8125094349098703
RD,DIST_NGS,CO2e_sources,2037,3.9084691205526574
RD,DIST_NGS,CO2e_sources,2038,4.004434416195447
RD,DIST_NGS,CO2e_sources,2039,4.100388491838235
RD,DIST_NGS,CO2e_sources,2040,4.196348177481023
RD,DIST_NGS,CO2e_sources,2041,4.28680218886358
RD,DIST_NGS,CO2e_sources,2042,4.377256200246137
RD,DIST_NGS,CO2e_sources,2043,4.4677102116286935
RD,DIST_NGS,CO2e_sources,2044,4.559099984833164
RD,DIST_NGS,CO2e_sources,2045,4.650491042968926
RD,DIST_NGS,CO2e_sources,2046,4.741867071428085
RD,DIST_NGS,CO2e_sources,2047,4.83327252018705
RD,DIST_NGS,CO2e_sources,2048,4.924645666377005
RD,DIST_NGS,CO2e_sources,2049,5.016012878099841
RD,DIST_NGS,CO2e_sources,2050,5.107376436325257
RD,DIST_COK,CO2e_sources,2018,0.77683125
RD,DIST_COK,CO2e_sources,2019,1.6466775
RD,DIST_COK,CO2e_sources,2020,1.6091497500000005
RD,DIST_COK,CO2e_sources,2021,1.81721475
RD,DIST_COK,CO2e_sources,2022,1.83211275
RD,DIST_COK,CO2e_sources,2023,1.8267405
RD,DIST_COK,CO2e_sources,2024,1.893684
RD,DIST_COK,CO2e_sources,2025,1.960959
RD,DIST_COK,CO2e_sources,2026,2.0040345000000004
RD,DIST_COK,CO2e_sources,2027,2.04710025
RD,DIST_COK,CO2e_sources,2028,2.09017575
RD,DIST_COK,CO2e_sources,2029,2.1332415
RD,DIST_COK,CO2e_sources,2030,2.176317
RD,DIST_COK,CO2e_sources,2031,2.204241
RD,DIST_COK,CO2e_sources,2032,2.232165
RD,DIST_COK,CO2e_sources,2033,2.260089
RD,DIST_COK,CO2e_sources,2034,2.288013
RD,DIST_COK,CO2e_sources,2035,2.315937
RD,DIST_COK,CO2e_sources,2036,2.343861
RD,DIST_COK,CO2e_sources,2037,2.371785
RD,DIST_COK,CO2e_sources,2038,2.399709
RD,DIST_COK,CO2e_sources,2039,2.4276427500000004
RD,DIST_COK,CO2e_sources,2040,2.45556675
RD,DIST_COK,CO2e_sources,2041,2.4434085000000003
RD,DIST_COK,CO2e_sources,2042,2.43126
RD,DIST_COK,CO2e_sources,2043,2.41910175
RD,DIST_COK,CO2e_sources,2044,2.40695325
RD,DIST_COK,CO2e_sources,2045,2.394795
RD,DIST_COK,CO2e_sources,2046,2.3826465
RD,DIST_COK,CO2e_sources,2047,2.37048825
RD,DIST_COK,CO2e_sources,2048,2.35833975
RD,DIST_COK,CO2e_sources,2049,2.3461815
RD,DIST_COK,CO2e_sources,2050,2.334033
RD,DIST_KER,CO2e_sources,2018,1.6884502262536358
RD,DIST_KER,CO2e_sources,2019,1.611795165255522
RD,DIST_KER,CO2e_sources,2020,0.6794686194031976
RD,DIST_KER,CO2e_sources,2021,1.1482875239608947
RD,DIST_KER,CO2e_sources,2022,1.6181541010041822
RD,DIST_KER,CO2e_sources,2023,1.656059821933624
RD,DIST_KER,CO2e_sources,2024,1.7186164770713808
RD,DIST_KER,CO2e_sources,2025,1.7815565390970272
RD,DIST_KER,CO2e_sources,2026,1.8408363129530312
RD,DIST_KER,CO2e_sources,2027,1.901152018705036
RD,DIST_KER,CO2e_sources,2028,1.965225763537448
RD,DIST_KER,CO2e_sources,2029,2.027127614532469
RD,DIST_KER,CO2e_sources,2030,2.0889356323284725
RD,DIST_KER,CO2e_sources,2031,2.1447616027848064
RD,DIST_KER,CO2e_sources,2032,2.20059476324114
RD,DIST_KER,CO2e_sources,2033,2.256420733697474
RD,DIST_KER,CO2e_sources,2034,2.312253894153808
RD,DIST_KER,CO2e_sources,2035,2.368079864610142
RD,DIST_KER,CO2e_sources,2036,2.4239130250664758
RD,DIST_KER,CO2e_sources,2037,2.47973899552281
RD,DIST_KER,CO2e_sources,2038,2.5355721559791435
RD,DIST_KER,CO2e_sources,2039,2.5913981264354766
RD,DIST_KER,CO2e_sources,2040,2.6472312868918118
RD,DIST_KER,CO2e_sources,2041,2.6883846482332245
RD,DIST_KER,CO2e_sources,2042,2.7295308195746375
RD,DIST_KER,CO2e_sources,2043,2.7706841809160583
RD,DIST_KER,CO2e_sources,2044,2.811830352257472
RD,DIST_KER,CO2e_sources,2045,2.852983713598884
RD,DIST_KER,CO2e_sources,2046,2.894129884940297
RD,DIST_KER,CO2e_sources,2047,2.935283246281711
RD,DIST_KER,CO2e_sources,2048,2.976429417623131
RD,DIST_KER,CO2e_sources,2049,3.017582778964545
RD,DIST_KER,CO2e_sources,2050,3.0587361403059576
RD,DIST_COA,CO2e_sources,2018,9.93683534415
RD,DIST_COA,CO2e_sources,2019,11.8458358392
RD,DIST_COA,CO2e_sources,2020,19.905474220676
RD,DIST_COA,CO2e_sources,2021,13.4949692592
RD,DIST_COA,CO2e_sources,2022,14.309495934976002
RD,DIST_COA,CO2e_sources,2023,14.632499631816
RD,DIST_COA,CO2e_sources,2024,14.612620542960002
RD,DIST_COA,CO2e_sources,2025,14.592862241276
RD,DIST_COA,CO2e_sources,2026,14.568487459592
RD,DIST_COA,CO2e_sources,2027,14.544122137908
RD,DIST_COA,CO2e_sources,2028,14.519692789052003
RD,DIST_COA,CO2e_sources,2029,14.495318007368
RD,DIST_COA,CO2e_sources,2030,14.470952685684
RD,DIST_COA,CO2e_sources,2031,14.125456856896
RD,DIST_COA,CO2e_sources,2032,13.780015595280004
RD,DIST_COA,CO2e_sources,2033,13.434583793664
RD,DIST_COA,CO2e_sources,2034,13.089142532048
RD,DIST_COA,CO2e_sources,2035,12.74365616326
RD,DIST_COA,CO2e_sources,2036,12.398214901644002
RD,DIST_COA,CO2e_sources,2037,12.052773640028
RD,DIST_COA,CO2e_sources,2038,11.70728727124
RD,DIST_COA,CO2e_sources,2039,11.361846009624
RD,DIST_COA,CO2e_sources,2040,11.016404748008
RD,DIST_COA,CO2e_sources,2041,9.959203938904
RD,DIST_COA,CO2e_sources,2042,8.902048236972
RD,DIST_COA,CO2e_sources,2043,7.844892535040001
RD,DIST_COA,CO2e_sources,2044,6.787682265936001
RD,DIST_COA,CO2e_sources,2045,5.730536024004
RD,DIST_COA,CO2e_sources,2046,4.673380322072
RD,DIST_COA,CO2e_sources,2047,3.616170052968001
RD,DIST_COA,CO2e_sources,2048,2.559014351036
RD,DIST_COA,CO2e_sources,2049,1.501813541932
RD,DIST_COA,CO2e_sources,2050,0.44465784
RD,INORG_RCY_OS,RM,2018,0.2412
RD,INORG_RCY_OS,RM,2019,0.2518
RD,INORG_RCY_OS,RM,2020,0.2341
RD,INORG_RCY_OS,RM,2021,0.2574
RD,INORG_RCY_OS,RM,2022,0.2742
RD,INORG_RCY_OS,RM,2023,0.2842
RD,INORG_RCY_OS,RM,2024,0.2923999999999999
RD,INORG_RCY_OS,RM,2025,0.3902354916411049
RD,INORG_RCY_OS,RM,2026,0.4160586277088619
RD,INORG_RCY_OS,RM,2027,0.442965304612398
RD,INORG_RCY_OS,RM,2028,0.469970632835296
RD,INORG_RCY_OS,RM,2029,0.498124459144558
RD,INORG_RCY_OS,RM,2030,0.5268453632960989
RD,INORG_RCY_OS,RM,2031,0.5572281325057719
RD,INORG_RCY_OS,RM,2032,0.587886420973413
RD,INORG_RCY_OS,RM,2033,0.6186397594457939
RD,INORG_RCY_OS,RM,2034,0.6607293754398799
RD,INORG_RCY_OS,RM,2035,0.703507253331766
RD,INORG_RCY_OS,RM,2036,0.749407219416055
RD,INORG_RCY_OS,RM,2037,0.796180920455277
RD,INORG_RCY_OS,RM,2038,0.843708621202995
RD,INORG_RCY_OS,RM,2039,0.892093234440199
RD,INORG_RCY_OS,RM,2040,0.941204411749991
RD,INORG_RCY_OS,RM,2041,0.994236170345726
RD,INORG_RCY_OS,RM,2042,1.0482834597289
RD,INORG_RCY_OS,RM,2043,1.10318179689861
RD,INORG_RCY_OS,RM,2044,1.15906802697439
RD,INORG_RCY_OS,RM,2045,1.21586138590628
RD,INORG_RCY_OS,RM,2046,1.2773190196551
RD,INORG_RCY_OS,RM,2047,1.33982969561213
RD,INORG_RCY_OS,RM,2048,1.40361030563712
RD,INORG_RCY_OS,RM,2049,1.46848553439346
RD,INORG_RCY_OS,RM,2050,1.53449598873833
RD,COMPOST,FERT_ORG,2025,0.0160801725429896
RD,COMPOST,FERT_ORG,2026,0.0310753738827151
RD,COMPOST,FERT_ORG,2027,0.0451835045694152
RD,COMPOST,FERT_ORG,2028,0.0587836916202722
RD,COMPOST,FERT_ORG,2029,0.0719810901761545
RD,COMPOST,FERT_ORG,2030,0.0850227053786064
RD,COMPOST,FERT_ORG,2031,0.0980026991798619
RD,COMPOST,FERT_ORG,2032,0.110880944784187
RD,COMPOST,FERT_ORG,2033,0.123727951889159
RD,COMPOST,FERT_ORG,2034,0.135149190430884
RD,COMPOST,FERT_ORG,2035,0.1468675789034359
RD,COMPOST,FERT_ORG,2036,0.1594095823481339
RD,COMPOST,FERT_ORG,2037,0.172328688334663
RD,COMPOST,FERT_ORG,2038,0.1856482993452429
RD,COMPOST,FERT_ORG,2039,0.1992156737687849
RD,COMPOST,FERT_ORG,2040,0.213112241160123
RD,COMPOST,FERT_ORG,2041,0.228020949510772
RD,COMPOST,FERT_ORG,2042,0.2433109114772069
RD,COMPOST,FERT_ORG,2043,0.259045458228962
RD,COMPOST,FERT_ORG,2044,0.275044000107575
RD,COMPOST,FERT_ORG,2045,0.291413815113982
RD,COMPOST,FERT_ORG,2046,0.309009052842775
RD,COMPOST,FERT_ORG,2047,0.327108408894054
RD,COMPOST,FERT_ORG,2048,0.345537799225972
RD,COMPOST,FERT_ORG,2049,0.364363719377632
RD,COMPOST,FERT_ORG,2050,0.383594177985423
RD,COMPOST,CO2e,2025,0.015476117335975
RD,COMPOST,CO2e,2026,0.0299080206498069
RD,COMPOST,CO2e,2027,0.0434861763141768
RD,COMPOST,CO2e,2028,0.0565754693567462
RD,COMPOST,CO2e,2029,0.0692771047424625
RD,COMPOST,CO2e,2030,0.0818288088105742
RD,COMPOST,CO2e,2031,0.0943212062989354
RD,COMPOST,CO2e,2032,0.1067156777836911
RD,COMPOST,CO2e,2033,0.1190800842501709
RD,COMPOST,CO2e,2034,0.1300722814620693
RD,COMPOST,CO2e,2035,0.1413504661024956
RD,COMPOST,CO2e,2036,0.1534213264380689
RD,COMPOST,CO2e,2037,0.1658551233758129
RD,COMPOST,CO2e,2038,0.1786743802785722
RD,COMPOST,CO2e,2039,0.1917320933073656
RD,COMPOST,CO2e,2040,0.2051066330979471
RD,COMPOST,CO2e,2041,0.2194552925508
RD,COMPOST,CO2e,2042,0.2341708837437754
RD,COMPOST,CO2e,2043,0.2493143587971389
RD,COMPOST,CO2e,2044,0.2647119119425413
RD,COMPOST,CO2e,2045,0.2804667912592938
RD,COMPOST,CO2e,2046,0.2974010600252027
RD,COMPOST,CO2e,2047,0.3148205097982897
RD,COMPOST,CO2e,2048,0.3325575960419065
RD,COMPOST,CO2e,2049,0.350676316375651
RD,COMPOST,CO2e,2050,0.3691843785897304
RD,LANDFILL,CO2e,2018,0.7382265586463449
RD,LANDFILL,CO2e,2019,0.7708229472029419
RD,LANDFILL,CO2e,2020,0.7166972185236204
RD,LANDFILL,CO2e,2021,0.7879375630870179
RD,LANDFILL,CO2e,2022,0.839523313437254
RD,LANDFILL,CO2e,2023,0.8698821020372758
RD,LANDFILL,CO2e,2024,0.8951004583046243
RD,LANDFILL,CO2e,2025,1.1502530245613096
RD,LANDFILL,CO2e,2026,1.3861968405804896
RD,LANDFILL,CO2e,2027,1.6353272498361873
RD,LANDFILL,CO2e,2028,1.895869650084302
RD,LANDFILL,CO2e,2029,2.172138930385469
RD,LANDFILL,CO2e,2030,2.463889805322739
RD,LANDFILL,CO2e,2031,2.7765836982364527
RD,LANDFILL,CO2e,2032,3.10520956738098
RD,LANDFILL,CO2e,2033,3.4501267924365915
RD,LANDFILL,CO2e,2034,3.5095368420384054
RD,LANDFILL,CO2e,2035,3.567246185621476
RD,LANDFILL,CO2e,2036,3.6353405347674728
RD,LANDFILL,CO2e,2037,3.7019285223533074
RD,LANDFILL,CO2e,2038,3.767110162905507
RD,LANDFILL,CO2e,2039,3.830680176935716
RD,LANDFILL,CO2e,2040,3.892646209647441
RD,LANDFILL,CO2e,2041,3.965906234298112
RD,LANDFILL,CO2e,2042,4.03809954667224
RD,LANDFILL,CO2e,2043,4.109108231481555
RD,LANDFILL,CO2e,2044,4.178771047231144
RD,LANDFILL,CO2e,2045,4.247279143787763
RD,LANDFILL,CO2e,2046,4.327473703055338
RD,LANDFILL,CO2e,2047,4.406824701218777
RD,LANDFILL,CO2e,2048,4.4852641617954605
RD,LANDFILL,CO2e,2049,4.562838021026118
RD,LANDFILL,CO2e,2050,4.6396548113484535
RD,NO_CONTR_OD,salud_residuos,2018,1.9783
RD,NO_CONTR_OD,salud_residuos,2019,2.0158
RD,NO_CONTR_OD,salud_residuos,2020,1.9826
RD,NO_CONTR_OD,salud_residuos,2021,2.2377
RD,NO_CONTR_OD,salud_residuos,2022,2.4462
RD,NO_CONTR_OD,salud_residuos,2023,2.5347
RD,NO_CONTR_OD,salud_residuos,2024,2.6081
RD,NO_CONTR_OD,salud_residuos,2025,2.48310037980383
RD,NO_CONTR_OD,salud_residuos,2026,2.2444844727216102
RD,NO_CONTR_OD,salud_residuos,2027,1.98602470205517
RD,NO_CONTR_OD,salud_residuos,2028,1.70561775088955
RD,NO_CONTR_OD,salud_residuos,2029,1.40707533547002
RD,NO_CONTR_OD,salud_residuos,2030,1.0882086159703
RD,NO_CONTR_OD,salud_residuos,2031,0.7493733530173619
RD,NO_CONTR_OD,salud_residuos,2032,0.386829441491696
RD,NO_CONTR_OD,CO2e,2018,1.1963902686737644
RD,NO_CONTR_OD,CO2e,2019,1.2190686466120275
RD,NO_CONTR_OD,CO2e,2020,1.198990722677352
RD,NO_CONTR_OD,CO2e,2021,1.353264168332044
RD,NO_CONTR_OD,CO2e,2022,1.4793559496687876
RD,NO_CONTR_OD,CO2e,2023,1.5328769216030889
RD,NO_CONTR_OD,CO2e,2024,1.5772660666875826
RD,NO_CONTR_OD,CO2e,2025,1.5016717032489666
RD,NO_CONTR_OD,CO2e,2026,1.3573671239718443
RD,NO_CONTR_OD,CO2e,2027,1.201061834344901
RD,NO_CONTR_OD,CO2e,2028,1.0314838392768997
RD,NO_CONTR_OD,CO2e,2029,0.8509382998772707
RD,NO_CONTR_OD,CO2e,2030,0.6581015004973019
RD,NO_CONTR_OD,CO2e,2031,0.4531885897757677
RD,NO_CONTR_OD,CO2e,2032,0.2339377139145591
RD,NO_CONTR_OD,contam_agua,2018,1.9783
RD,NO_CONTR_OD,contam_agua,2019,2.0158
RD,NO_CONTR_OD,contam_agua,2020,1.9826
RD,NO_CONTR_OD,contam_agua,2021,2.2377
RD,NO_CONTR_OD,contam_agua,2022,2.4462
RD,NO_CONTR_OD,contam_agua,2023,2.5347
RD,NO_CONTR_OD,contam_agua,2024,2.6081
RD,NO_CONTR_OD,contam_agua,2025,2.48310037980383
RD,NO_CONTR_OD,contam_agua,2026,2.2444844727216102
RD,NO_CONTR_OD,contam_agua,2027,1.98602470205517
RD,NO_CONTR_OD,contam_agua,2028,1.70561775088955
RD,NO_CONTR_OD,contam_agua,2029,1.40707533547002
RD,NO_CONTR_OD,contam_agua,2030,1.0882086159703
RD,NO_CONTR_OD,contam_agua,2031,0.7493733530173619
RD,NO_CONTR_OD,contam_agua,2032,0.386829441491696
RD,NO_CONTR_OD,turismo_residuos,2018,1.9783
RD,NO_CONTR_OD,turismo_residuos,2019,2.0158
RD,NO_CONTR_OD,turismo_residuos,2020,1.9826
RD,NO_CONTR_OD,turismo_residuos,2021,2.2377
RD,NO_CONTR_OD,turismo_residuos,2022,2.4462
RD,NO_CONTR_OD,turismo_residuos,2023,2.5347
RD,NO_CONTR_OD,turismo_residuos,2024,2.6081
RD,NO_CONTR_OD,turismo_residuos,2025,2.48310037980383
RD,NO_CONTR_OD,turismo_residuos,2026,2.2444844727216102
RD,NO_CONTR_OD,turismo_residuos,2027,1.98602470205517
RD,NO_CONTR_OD,turismo_residuos,2028,1.70561775088955
RD,NO_CONTR_OD,turismo_residuos,2029,1.40707533547002
RD,NO_CONTR_OD,turismo_residuos,2030,1.0882086159703
RD,NO_CONTR_OD,turismo_residuos,2031,0.7493733530173619
RD,NO_CONTR_OD,turismo_residuos,2032,0.386829441491696
RD,OPEN_BURN,salud_residuos,2018,0.2997
RD,OPEN_BURN,salud_residuos,2019,0.3735
RD,OPEN_BURN,salud_residuos,2020,0.2185
RD,OPEN_BURN,salud_residuos,2021,0.2281999999999999
RD,OPEN_BURN,salud_residuos,2022,0.2301999999999999
RD,OPEN_BURN,salud_residuos,2023,0.2385999999999999
RD,OPEN_BURN,salud_residuos,2024,0.2455
RD,OPEN_BURN,salud_residuos,2025,0.233651793196445
RD,OPEN_BURN,salud_residuos,2026,0.211238119535889
RD,OPEN_BURN,salud_residuos,2027,0.186962804215686
RD,OPEN_BURN,salud_residuos,2028,0.160530001272087
RD,OPEN_BURN,salud_residuos,2029,0.132404915107893
RD,OPEN_BURN,salud_residuos,2030,0.102381953415657
RD,OPEN_BURN,salud_residuos,2031,0.0704950294760248
RD,OPEN_BURN,salud_residuos,2032,0.0363821420213402
RD,OPEN_BURN,CO2e,2018,0.0940349476809796
RD,OPEN_BURN,CO2e,2019,0.117190700563383
RD,OPEN_BURN,CO2e,2020,0.068557344238552
RD,OPEN_BURN,CO2e,2021,0.0716008510537189
RD,OPEN_BURN,CO2e,2022,0.0722283782321038
RD,OPEN_BURN,CO2e,2023,0.0748639923813204
RD,OPEN_BURN,CO2e,2024,0.0770289611467484
RD,OPEN_BURN,CO2e,2025,0.0733114252545705
RD,OPEN_BURN,CO2e,2026,0.066278830559846
RD,OPEN_BURN,CO2e,2027,0.0586621204962004
RD,OPEN_BURN,CO2e,2028,0.0503684693721998
RD,OPEN_BURN,CO2e,2029,0.0415438413909752
RD,OPEN_BURN,CO2e,2030,0.0321237291722315
RD,OPEN_BURN,CO2e,2031,0.0221187734686256
RD,OPEN_BURN,CO2e,2032,0.0114153914631254
RD,SIT_CLAN,salud_residuos,2018,0.2796
RD,SIT_CLAN,salud_residuos,2019,0.2812
RD,SIT_CLAN,salud_residuos,2020,0.2819999999999999
RD,SIT_CLAN,salud_residuos,2021,0.2637999999999999
RD,SIT_CLAN,salud_residuos,2022,0.2319
RD,SIT_CLAN,salud_residuos,2023,0.2403
RD,SIT_CLAN,salud_residuos,2024,0.2472999999999999
RD,SIT_CLAN,salud_residuos,2025,0.235432995207359
RD,SIT_CLAN,salud_residuos,2026,0.2128271725915759
RD,SIT_CLAN,salud_residuos,2027,0.188247771942254
RD,SIT_CLAN,salud_residuos,2028,0.1617191123926209
RD,SIT_CLAN,salud_residuos,2029,0.133388119923051
RD,SIT_CLAN,salud_residuos,2030,0.103155064174998
RD,SIT_CLAN,salud_residuos,2031,0.0710545138369455
RD,SIT_CLAN,salud_residuos,2032,0.0367221620402313
RD,SIT_CLAN,CO2e,2018,0.1690899859076907
RD,SIT_CLAN,CO2e,2019,0.1700575966997232
RD,SIT_CLAN,CO2e,2020,0.1705414020957395
RD,SIT_CLAN,CO2e,2021,0.1595348293363691
RD,SIT_CLAN,CO2e,2022,0.1402430891702198
RD,SIT_CLAN,CO2e,2023,0.1453230458283908
RD,SIT_CLAN,CO2e,2024,0.1495563430435333
RD,SIT_CLAN,CO2e,2025,0.1423796918519948
RD,SIT_CLAN,CO2e,2026,0.1287086681483664
RD,SIT_CLAN,CO2e,2027,0.1138441098171312
RD,SIT_CLAN,CO2e,2028,0.0978007240181421
RD,SIT_CLAN,CO2e,2029,0.0806673652290488
RD,SIT_CLAN,CO2e,2030,0.0623837208428374
RD,SIT_CLAN,CO2e,2031,0.0429706965070348
RD,SIT_CLAN,CO2e,2032,0.0222079751855603
RD,SIT_CLAN,contam_agua,2018,0.2796
RD,SIT_CLAN,contam_agua,2019,0.2812
RD,SIT_CLAN,contam_agua,2020,0.2819999999999999
RD,SIT_CLAN,contam_agua,2021,0.2637999999999999
RD,SIT_CLAN,contam_agua,2022,0.2319
RD,SIT_CLAN,contam_agua,2023,0.2403
RD,SIT_CLAN,contam_agua,2024,0.2472999999999999
RD,SIT_CLAN,contam_agua,2025,0.235432995207359
RD,SIT_CLAN,contam_agua,2026,0.2128271725915759
RD,SIT_CLAN,contam_agua,2027,0.188247771942254
RD,SIT_CLAN,contam_agua,2028,0.1617191123926209
RD,SIT_CLAN,contam_agua,2029,0.133388119923051
RD,SIT_CLAN,contam_agua,2030,0.103155064174998
RD,SIT_CLAN,contam_agua,2031,0.0710545138369455
RD,SIT_CLAN,contam_agua,2032,0.0367221620402313
RD,SIT_CLAN,turismo_residuos,2018,0.2796
RD,SIT_CLAN,turismo_residuos,2019,0.2812
RD,SIT_CLAN,turismo_residuos,2020,0.2819999999999999
RD,SIT_CLAN,turismo_residuos,2021,0.2637999999999999
RD,SIT_CLAN,turismo_residuos,2022,0.2319
RD,SIT_CLAN,turismo_residuos,2023,0.2403
RD,SIT_CLAN,turismo_residuos,2024,0.2472999999999999
RD,SIT_CLAN,turismo_residuos,2025,0.235432995207359
RD,SIT_CLAN,turismo_residuos,2026,0.2128271725915759
RD,SIT_CLAN,turismo_residuos,2027,0.188247771942254
RD,SIT_CLAN,turismo_residuos,2028,0.1617191123926209
RD,SIT_CLAN,turismo_residuos,2029,0.133388119923051
RD,SIT_CLAN,turismo_residuos,2030,0.103155064174998
RD,SIT_CLAN,turismo_residuos,2031,0.0710545138369455
RD,SIT_CLAN,turismo_residuos,2032,0.0367221620402313
RD,AERO_PTAR,CO2e,2018,0.0186406541497996
RD,AERO_PTAR,CO2e,2019,0.019460187305866
RD,AERO_PTAR,CO2e,2020,0.0180893318448096
RD,AERO_PTAR,CO2e,2021,0.0198923047881555
RD,AERO_PTAR,CO2e,2022,0.0211886572350241
RD,AERO_PTAR,CO2e,2023,0.0219634885825777
RD,AERO_PTAR,CO2e,2024,0.0225893139017556
RD,AERO_PTAR,CO2e,2025,0.024858393274714
RD,AERO_PTAR,CO2e,2026,0.0253374783292251
RD,AERO_PTAR,CO2e,2027,0.0258063040910595
RD,AERO_PTAR,CO2e,2028,0.0262453699328387
RD,AERO_PTAR,CO2e,2029,0.0267008708290961
RD,AERO_PTAR,CO2e,2030,0.0271712650995852
RD,AERO_PTAR,CO2e,2031,0.0276822196402208
RD,AERO_PTAR,CO2e,2032,0.0281895889049075
RD,AERO_PTAR,CO2e,2033,0.0286908378678758
RD,AERO_PTAR,CO2e,2034,0.0295380053990339
RD,AERO_PTAR,CO2e,2035,0.0303882539430371
RD,AERO_PTAR,CO2e,2036,0.0313463829070297
RD,AERO_PTAR,CO2e,2037,0.032295297568588
RD,AERO_PTAR,CO2e,2038,0.0332426134264297
RD,AERO_PTAR,CO2e,2039,0.0342008955526845
RD,AERO_PTAR,CO2e,2040,0.0351484230481678
RD,AERO_PTAR,CO2e,2041,0.0362203947493003
RD,AERO_PTAR,CO2e,2042,0.0372925876650113
RD,AERO_PTAR,CO2e,2043,0.0383625871445111
RD,AERO_PTAR,CO2e,2044,0.0394474196150077
RD,AERO_PTAR,CO2e,2045,0.0405349001975911
RD,AERO_PTAR,CO2e,2046,0.0417386059936098
RD,AERO_PTAR,CO2e,2047,0.0429645481349474
RD,AERO_PTAR,CO2e,2048,0.0441791570076328
RD,AERO_PTAR,CO2e,2049,0.0454176238164845
RD,AERO_PTAR,CO2e,2050,0.0466587983618826
RD,SEPT_SYST,CO2e,2018,0.1689799312598489
RD,SEPT_SYST,CO2e,2019,0.1764412239177214
RD,SEPT_SYST,CO2e,2020,0.1640872803366539
RD,SEPT_SYST,CO2e,2021,0.1803553446562774
RD,SEPT_SYST,CO2e,2022,0.1921588650084855
RD,SEPT_SYST,CO2e,2023,0.1991308925740384
RD,SEPT_SYST,CO2e,2024,0.2048797574087926
RD,SEPT_SYST,CO2e,2025,0.225393032743896
RD,SEPT_SYST,CO2e,2026,0.229778277242752
RD,SEPT_SYST,CO2e,2027,0.2340699745872983
RD,SEPT_SYST,CO2e,2028,0.2379867715320481
RD,SEPT_SYST,CO2e,2029,0.242143842726849
RD,SEPT_SYST,CO2e,2030,0.2463091991693188
RD,SEPT_SYST,CO2e,2031,0.251035072169817
RD,SEPT_SYST,CO2e,2032,0.2556519104960736
RD,SEPT_SYST,CO2e,2033,0.2601371984683246
RD,SEPT_SYST,CO2e,2034,0.2678852788497292
RD,SEPT_SYST,CO2e,2035,0.2755851405413471
RD,SEPT_SYST,CO2e,2036,0.2842149548941977
RD,SEPT_SYST,CO2e,2037,0.2928253006005045
RD,SEPT_SYST,CO2e,2038,0.3014878433732844
RD,SEPT_SYST,CO2e,2039,0.3101028499798668
RD,SEPT_SYST,CO2e,2040,0.318754777468501
RD,SEPT_SYST,CO2e,2041,0.3284162701371458
RD,SEPT_SYST,CO2e,2042,0.3381481806237788
RD,SEPT_SYST,CO2e,2043,0.3479319935393861
RD,SEPT_SYST,CO2e,2044,0.3576924860790904
RD,SEPT_SYST,CO2e,2045,0.3675483211274886
RD,SEPT_SYST,CO2e,2046,0.3784927034810713
RD,SEPT_SYST,CO2e,2047,0.3895473832268816
RD,SEPT_SYST,CO2e,2048,0.4006690660854604
RD,SEPT_SYST,CO2e,2049,0.4118358320952206
RD,SEPT_SYST,CO2e,2050,0.4231055604538274
RD,LATR,CO2e,2018,0.1778249133679421
RD,LATR,CO2e,2019,0.185676755362473
RD,LATR,CO2e,2020,0.1726761645190693
RD,LATR,CO2e,2021,0.1897957544415712
RD,LATR,CO2e,2022,0.2022171110394767
RD,LATR,CO2e,2023,0.2095540781491203
RD,LATR,CO2e,2024,0.2156038580465458
RD,LATR,CO2e,2025,0.2324787431869636
RD,LATR,CO2e,2026,0.2414731438320836
RD,LATR,CO2e,2027,0.2504209451673633
RD,LATR,CO2e,2028,0.2595817140802587
RD,LATR,CO2e,2029,0.2686872616900994
RD,LATR,CO2e,2030,0.2776991232167211
RD,LATR,CO2e,2031,0.2864455142716632
RD,LATR,CO2e,2032,0.2952575706821656
RD,LATR,CO2e,2033,0.3041052572510281
RD,LATR,CO2e,2034,0.3170007396872301
RD,LATR,CO2e,2035,0.3301211793402887
RD,LATR,CO2e,2036,0.3428923162737002
RD,LATR,CO2e,2037,0.3559165443043662
RD,LATR,CO2e,2038,0.3691233047660669
RD,LATR,CO2e,2039,0.382446214987501
RD,LATR,CO2e,2040,0.3960732027216485
RD,LATR,CO2e,2041,0.4092772811117962
RD,LATR,CO2e,2042,0.4227007625710764
RD,LATR,CO2e,2043,0.4363228545724421
RD,LATR,CO2e,2044,0.450053726563795
RD,LATR,CO2e,2045,0.4639834821630368
RD,LATR,CO2e,2046,0.4774252004484827
RD,LATR,CO2e,2047,0.4910563462355788
RD,LATR,CO2e,2048,0.504790781165182
RD,LATR,CO2e,2049,0.5186065457466551
RD,LATR,CO2e,2050,0.5326421600078182
RD,EFLT_DISC,CO2e,2018,9984.84892732923
RD,EFLT_DISC,CO2e,2019,9983.534286929384
RD,EFLT_DISC,CO2e,2020,9983.120744283962
RD,EFLT_DISC,CO2e,2021,9981.166291610816
RD,EFLT_DISC,CO2e,2022,9979.417562276887
RD,EFLT_DISC,CO2e,2023,9978.43872127616
RD,EFLT_DISC,CO2e,2024,9978.57010376799
RD,EFLT_DISC,CO2e,2025,9977.73014033988
RD,EFLT_DISC,CO2e,2026,9976.569812182921
RD,EFLT_DISC,CO2e,2027,9975.458241646857
RD,EFLT_DISC,CO2e,2028,9974.357241403628
RD,EFLT_DISC,CO2e,2029,9973.293431860446
RD,EFLT_DISC,CO2e,2030,9972.275347090912
RD,EFLT_DISC,CO2e,2031,9971.316646255842
RD,EFLT_DISC,CO2e,2032,9970.402832501699
RD,EFLT_DISC,CO2e,2033,9969.539793114793
RD,EFLT_DISC,CO2e,2034,9968.720870954365
RD,EFLT_DISC,CO2e,2035,9967.937372708084
RD,EFLT_DISC,CO2e,2036,9967.181587237945
RD,EFLT_DISC,CO2e,2037,9966.396587600708
RD,EFLT_DISC,CO2e,2038,9965.344191610635
RD,EFLT_DISC,CO2e,2039,9964.517009931942
RD,EFLT_DISC,CO2e,2040,9963.669013516188
RD,EFLT_DISC,CO2e,2041,9962.770983744229
RD,EFLT_DISC,CO2e,2042,9961.809239604045
RD,EFLT_DISC,CO2e,2043,9960.8976867921
RD,EFLT_DISC,CO2e,2044,9959.978153098806
RD,EFLT_DISC,CO2e,2045,9959.06226189152
RD,EFLT_DISC,CO2e,2046,9958.14837070106
RD,EFLT_DISC,CO2e,2047,9957.233401082354
RD,EFLT_DISC,CO2e,2048,9956.30248058649
RD,EFLT_DISC,CO2e,2049,9955.22289934979
RD,EFLT_DISC,CO2e,2050,9954.15723912787
RD,SEWER_NO_T,CO2e,2018,0.0061671817396543
RD,SEWER_NO_T,CO2e,2019,0.0064402482661386
RD,SEWER_NO_T,CO2e,2020,0.0059868547882024
RD,SEWER_NO_T,CO2e,2021,0.0065819337279936
RD,SEWER_NO_T,CO2e,2022,0.0070121423121717
RD,SEWER_NO_T,CO2e,2023,0.0072671761435108
RD,SEWER_NO_T,CO2e,2024,0.0074784162866401
RD,SEWER_NO_T,CO2e,2025,0.0080625014350317
RD,SEWER_NO_T,CO2e,2026,0.0083741244040072
RD,SEWER_NO_T,CO2e,2027,0.0086841241476576
RD,SEWER_NO_T,CO2e,2028,0.0090033709099828
RD,SEWER_NO_T,CO2e,2029,0.0093167776638474
RD,SEWER_NO_T,CO2e,2030,0.0096318315380851
RD,SEWER_NO_T,CO2e,2031,0.0099346503688874
RD,SEWER_NO_T,CO2e,2032,0.010240124549991
RD,SEWER_NO_T,CO2e,2033,0.0105472240520161
RD,SEWER_NO_T,CO2e,2034,0.0109925195722409
RD,SEWER_NO_T,CO2e,2035,0.0114459455919218
RD,SEWER_NO_T,CO2e,2036,0.0118907248301732
RD,SEWER_NO_T,CO2e,2037,0.0123415941652025
RD,SEWER_NO_T,CO2e,2038,0.0127991974636463
RD,SEWER_NO_T,CO2e,2039,0.0132641382896236
RD,SEWER_NO_T,CO2e,2040,0.013737254315167
RD,SEWER_NO_T,CO2e,2041,0.0141957131405745
RD,SEWER_NO_T,CO2e,2042,0.0146587497252358
RD,SEWER_NO_T,CO2e,2043,0.0151290574899235
RD,SEWER_NO_T,CO2e,2044,0.0156067144178698
RD,SEWER_NO_T,CO2e,2045,0.0160881016783693
RD,SEWER_NO_T,CO2e,2046,0.0165562729632159
RD,SEWER_NO_T,CO2e,2047,0.0170277472336678
RD,SEWER_NO_T,CO2e,2048,0.0175066870726457
RD,SEWER_NO_T,CO2e,2049,0.0179845444818505
RD,SEWER_NO_T,CO2e,2050,0.0184705253885413
RD,PPCOA,CO2e_PP,2018,2.4523125000000023
RD,PPCOA,CO2e_PP,2019,4.368208333333338
RD,PPCOA,CO2e_PP,2020,7.896121666666674
RD,PPCOA,CO2e_PP,2021,7.949626666666673
RD,PPCOA,CO2e_PP,2022,8.189476666666673
RD,PPCOA,CO2e_PP,2023,8.944081666666674
RD,PPCOA,CO2e_PP,2024,8.92365000000001
RD,PPCOA,CO2e_PP,2025,8.903252500000006
RD,PPCOA,CO2e_PP,2026,8.882855000000008
RD,PPCOA,CO2e_PP,2027,8.862457500000009
RD,PPCOA,CO2e_PP,2028,8.842025833333343
RD,PPCOA,CO2e_PP,2029,8.82162833333334
RD,PPCOA,CO2e_PP,2030,8.801230833333342
RD,PPCOA,CO2e_PP,2031,8.581573333333342
RD,PPCOA,CO2e_PP,2032,8.361950000000009
RD,PPCOA,CO2e_PP,2033,8.142326666666674
RD,PPCOA,CO2e_PP,2034,7.922703333333341
RD,PPCOA,CO2e_PP,2035,7.7030458333333405
RD,PPCOA,CO2e_PP,2036,7.483422500000007
RD,PPCOA,CO2e_PP,2037,7.263799166666675
RD,PPCOA,CO2e_PP,2038,7.044141666666674
RD,PPCOA,CO2e_PP,2039,6.82451833333334
RD,PPCOA,CO2e_PP,2040,6.604895000000006
RD,PPCOA,CO2e_PP,2041,5.944385000000006
RD,PPCOA,CO2e_PP,2042,5.283909166666672
RD,PPCOA,CO2e_PP,2043,4.623433333333337
RD,PPCOA,CO2e_PP,2044,3.962923333333338
RD,PPCOA,CO2e_PP,2045,3.302447500000003
RD,PPCOA,CO2e_PP,2046,2.6419716666666693
RD,PPCOA,CO2e_PP,2047,1.981461666666669
RD,PPCOA,CO2e_PP,2048,1.3209858333333346
RD,PPCOA,CO2e_PP,2049,0.660475833333334
RD,PPCCTDSL,CO2e_PP,2020,0.0958708333333331
RD,PPCCTDSL,CO2e_PP,2021,0.0509358333333332
RD,PPCCTDSL,CO2e_PP,2022,0.0140916666666666
RD,PPCCTDSL,CO2e_PP,2023,0.0478483333333332
RD,PPCCTDSL,CO2e_PP,2024,0.3809024999999992
RD,PPCCTDSL,CO2e_PP,2025,0.5374783333333321
RD,PPCCTDSL,CO2e_PP,2026,0.5374783333333321
RD,PPCCTDSL,CO2e_PP,2027,0.5374783333333321
RD,PPCCTDSL,CO2e_PP,2028,0.5374783333333321
RD,PPCCTDSL,CO2e_PP,2029,0.5374783333333321
RD,PPCCTDSL,CO2e_PP,2030,0.5374783333333321
RD,PPCCTDSL,CO2e_PP,2031,0.5374783333333321
RD,PPCCTDSL,CO2e_PP,2032,0.6940699999999985
RD,PPCCTDSL,CO2e_PP,2033,0.6940699999999985
RD,PPCCTDSL,CO2e_PP,2034,0.6940699999999985
RD,PPCCTDSL,CO2e_PP,2035,0.6940699999999985
RD,PPCCTDSL,CO2e_PP,2036,0.6940699999999985
RD,PPCCTDSL,CO2e_PP,2037,0.6940699999999985
RD,PPCCTDSL,CO2e_PP,2038,0.6940699999999985
RD,PPCCTDSL,CO2e_PP,2039,0.6940699999999985
RD,PPCCTDSL,CO2e_PP,2040,0.6940699999999985
RD,PPCCTDSL,CO2e_PP,2041,0.6940699999999985
RD,PPCCTDSL,CO2e_PP,2042,0.6940699999999985
RD,PPCCTDSL,CO2e_PP,2043,0.6940699999999985
RD,PPCCTDSL,CO2e_PP,2044,0.6940699999999985
RD,PPCCTDSL,CO2e_PP,2045,0.6940699999999985
RD,PPCCTDSL,CO2e_PP,2046,0.6940699999999985
RD,PPCCTDSL,CO2e_PP,2047,0.6940699999999985
RD,PPCCTDSL,CO2e_PP,2048,0.6940699999999985
RD,PPCCTDSL,CO2e_PP,2049,0.6940699999999985
RD,PPCCTDSL,CO2e_PP,2050,0.6940699999999985
RD,PPCCTNGS,CO2e_PP,2018,2.0563022222222287
RD,PPCCTNGS,CO2e_PP,2019,1.99428833333334
RD,PPCCTNGS,CO2e_PP,2020,1.8055441666666727
RD,PPCCTNGS,CO2e_PP,2021,2.7488211111111207
RD,PPCCTNGS,CO2e_PP,2022,1.8737202777777844
RD,PPCCTNGS,CO2e_PP,2023,2.4079536111111195
RD,PPCCTNGS,CO2e_PP,2024,2.6026250000000086
RD,PPCCTNGS,CO2e_PP,2025,2.8113441666666765
RD,PPCCTNGS,CO2e_PP,2026,3.020050277777788
RD,PPCCTNGS,CO2e_PP,2027,3.228769444444456
RD,PPCCTNGS,CO2e_PP,2028,3.4374755555555674
RD,PPCCTNGS,CO2e_PP,2029,3.6461947222222344
RD,PPCCTNGS,CO2e_PP,2030,3.854900833333347
RD,PPCCTNGS,CO2e_PP,2031,4.0636200000000136
RD,PPCCTNGS,CO2e_PP,2032,4.272326111111126
RD,PPCCTNGS,CO2e_PP,2033,4.481045277777793
RD,PPCCTNGS,CO2e_PP,2034,4.689751388888904
RD,PPCCTNGS,CO2e_PP,2035,4.898470555555573
RD,PPCCTNGS,CO2e_PP,2036,5.1071766666666845
RD,PPCCTNGS,CO2e_PP,2037,5.315895833333352
RD,PPCCTNGS,CO2e_PP,2038,5.524615000000019
RD,PPCCTNGS,CO2e_PP,2039,5.733321111111131
RD,PPCCTNGS,CO2e_PP,2040,5.942040277777799
RD,PPCCTNGS,CO2e_PP,2041,6.15074638888891
RD,PPCCTNGS,CO2e_PP,2042,6.359465555555578
RD,PPCCTNGS,CO2e_PP,2043,6.568171666666689
RD,PPCCTNGS,CO2e_PP,2044,6.776890833333357
RD,PPCCTNGS,CO2e_PP,2045,6.9855969444444685
RD,PPCCTNGS,CO2e_PP,2046,7.194316111111136
RD,PPCCTNGS,CO2e_PP,2047,7.403022222222247
RD,PPCCTNGS,CO2e_PP,2048,7.611741388888915
RD,PPCCTNGS,CO2e_PP,2049,7.820447500000027
RD,PPCCTNGS,CO2e_PP,2050,8.029166666666695
RD,PPCCTNGSDSL,CO2e_PP,2023,0.1269130555555559
RD,PPCCTNGSDSL,CO2e_PP,2024,1.0781147222222258
RD,PPCCTNGSDSL,CO2e_PP,2025,1.0781147222222258
RD,PPCCTNGSDSL,CO2e_PP,2026,1.0781147222222258
RD,PPCCTNGSDSL,CO2e_PP,2027,1.0781147222222258
RD,PPCCTNGSDSL,CO2e_PP,2028,1.0781147222222258
RD,PPCCTNGSDSL,CO2e_PP,2029,1.0781147222222258
RD,PPCCTNGSDSL,CO2e_PP,2030,1.0781147222222258
RD,PPCCTNGSDSL,CO2e_PP,2031,1.0781147222222258
RD,PPCCTNGSDSL,CO2e_PP,2032,1.0781147222222258
RD,PPCCTNGSDSL,CO2e_PP,2033,1.0781147222222258
RD,PPCCTNGSDSL,CO2e_PP,2034,1.0781147222222258
RD,PPCCTNGSDSL,CO2e_PP,2035,1.0781147222222258
RD,PPCCTNGSDSL,CO2e_PP,2036,1.0781147222222258
RD,PPCCTNGSDSL,CO2e_PP,2037,1.0781147222222258
RD,PPCCTNGSDSL,CO2e_PP,2038,1.0781147222222258
RD,PPCCTNGSDSL,CO2e_PP,2039,1.0781147222222258
RD,PPCCTNGSDSL,CO2e_PP,2040,1.0781147222222258
RD,PPCCTNGSDSL,CO2e_PP,2041,1.0781147222222258
RD,PPCCTNGSDSL,CO2e_PP,2042,1.0781147222222258
RD,PPCCTNGSDSL,CO2e_PP,2043,1.0781147222222258
RD,PPCCTNGSDSL,CO2e_PP,2044,1.0781147222222258
RD,PPCCTNGSDSL,CO2e_PP,2045,1.0781147222222258
RD,PPCCTNGSDSL,CO2e_PP,2046,1.0781147222222258
RD,PPCCTNGSDSL,CO2e_PP,2047,1.0781147222222258
RD,PPCCTNGSDSL,CO2e_PP,2048,1.0781147222222258
RD,PPCCTNGSDSL,CO2e_PP,2049,1.0781147222222258
RD,PPCCTNGSDSL,CO2e_PP,2050,1.0781147222222258
RD,PPICEFOI,CO2e_PP,2018,3.1239799999999933
RD,PPICEFOI,CO2e_PP,2019,3.31752666666666
RD,PPICEFOI,CO2e_PP,2020,1.6603149999999964
RD,PPICEFOI,CO2e_PP,2021,1.52823333333333
RD,PPICEFOI,CO2e_PP,2022,2.047819999999996
RD,PPICEFOI,CO2e_PP,2023,1.441007499999997
RD,PPICEFOI,CO2e_PP,2024,1.2124533333333307
RD,PPICEFOI,CO2e_PP,2025,1.0103724999999977
RD,PPICEFOI,CO2e_PP,2026,0.8082916666666649
RD,PPICEFOI,CO2e_PP,2027,0.6062266666666652
RD,PPICEFOI,CO2e_PP,2028,0.4041458333333324
RD,PPICEFOI,CO2e_PP,2029,0.2020808333333329
RD,PPICEGASFOI,CO2e_PP,2018,0.5519236111111129
RD,PPICEGASFOI,CO2e_PP,2019,0.5463227777777796
RD,PPICEGASFOI,CO2e_PP,2020,1.0191558333333368
RD,PPICEGASFOI,CO2e_PP,2021,1.209962777777782
RD,PPICEGASFOI,CO2e_PP,2022,1.8640461111111173
RD,PPICEGASFOI,CO2e_PP,2023,1.1215505555555594
RD,PPICEGASFOI,CO2e_PP,2024,1.7425119444444503
RD,PPICEGASFOI,CO2e_PP,2025,1.7425119444444503
RD,PPICEGASFOI,CO2e_PP,2026,1.7425119444444503
RD,PPICEGASFOI,CO2e_PP,2027,1.7425119444444503
RD,PPICEGASFOI,CO2e_PP,2028,1.7425119444444503
RD,PPICEGASFOI,CO2e_PP,2029,1.7425119444444503
RD,PPICEGASFOI,CO2e_PP,2030,1.7425119444444503
RD,PPICEGASFOI,CO2e_PP,2031,1.7425119444444503
RD,PPICEGASFOI,CO2e_PP,2032,1.7425119444444503
RD,PPICEGASFOI,CO2e_PP,2033,1.7425119444444503
RD,PPICEGASFOI,CO2e_PP,2034,1.7425119444444503
RD,PPICEGASFOI,CO2e_PP,2035,1.7425119444444503
RD,PPICEGASFOI,CO2e_PP,2036,1.7425119444444503
RD,PPICEGASFOI,CO2e_PP,2037,1.7425119444444503
RD,PPICEGASFOI,CO2e_PP,2038,1.7425119444444503
RD,PPICEGASFOI,CO2e_PP,2039,1.7425119444444503
RD,PPICEGASFOI,CO2e_PP,2040,1.7425119444444503
RD,PPICEGASFOI,CO2e_PP,2041,1.7425119444444503
RD,PPICEGASFOI,CO2e_PP,2042,1.7425119444444503
RD,PPICEGASFOI,CO2e_PP,2043,1.7425119444444503
RD,PPICEGASFOI,CO2e_PP,2044,1.7425119444444503
RD,PPICEGASFOI,CO2e_PP,2045,1.7425119444444503
RD,PPICEGASFOI,CO2e_PP,2046,1.7425119444444503
RD,PPICEGASFOI,CO2e_PP,2047,1.7425119444444503
RD,PPICEGASFOI,CO2e_PP,2048,1.7425119444444503
RD,PPICEGASFOI,CO2e_PP,2049,1.7425119444444503
RD,PPICEGASFOI,CO2e_PP,2050,1.7425119444444503
RD,LU_LATHUM,CO2e,2018,-3.56035461607
RD,LU_LATHUM,CO2e,2019,-3.5596126160700003
RD,LU_LATHUM,CO2e,2020,-3.5581286160700007
RD,LU_LATHUM,CO2e,2021,-3.5566446160700007
RD,LU_LATHUM,CO2e,2022,-2.72314
RD,LU_LATHUM,CO2e,2023,-2.69717
RD,LU_LATHUM,CO2e,2024,-3.9265316160699992
RD,LU_LATHUM,CO2e,2025,-3.639377616069999
RD,LU_LATHUM,CO2e,2026,-3.3733706160700003
RD,LU_LATHUM,CO2e,2027,-3.2406334347100003
RD,LU_LATHUM,CO2e,2028,-3.09281106316
RD,LU_LATHUM,CO2e,2029,-2.95588575926
RD,LU_LATHUM,CO2e,2030,-2.8205941724100003
RD,LU_LATHUM,CO2e,2031,-2.70735236212
RD,LU_LATHUM,CO2e,2032,-2.5753608462400006
RD,LU_LATHUM,CO2e,2033,-2.43835660467
RD,LU_LATHUM,CO2e,2034,-2.28633212388
RD,LU_LATHUM,CO2e,2035,-2.14712141546
RD,LU_LATHUM,CO2e,2036,-2.0422510458
RD,LU_LATHUM,CO2e,2037,-1.9238701435100003
RD,LU_LATHUM,CO2e,2038,-1.39867
RD,LU_LATHUM,CO2e,2039,-1.31334
RD,LU_LATHUM,CO2e,2040,-1.23543
RD,LU_LATHUM,CO2e,2041,-1.16123
RD,LU_LATHUM,CO2e,2042,-1.0907399999999998
RD,LU_LATHUM,CO2e,2043,-1.02767
RD,LU_LATHUM,CO2e,2044,-0.9646
RD,LU_LATHUM,CO2e,2045,-0.90895
RD,LU_LATHUM,CO2e,2046,-0.8533
RD,LU_LATHUM,CO2e,2047,-0.8013599999999999
RD,LU_LATHUM,CO2e,2048,-0.75313
RD,LU_LATHUM,CO2e,2049,-0.7086099999999999
RD,LU_LATHUM,CO2e,2050,-0.55279
RD,LU_CLF,CO2e,2018,-0.5993
RD,LU_CLF,CO2e,2019,-0.5993
RD,LU_CLF,CO2e,2020,-0.5993
RD,LU_CLF,CO2e,2021,-0.5993
RD,LU_CLF,CO2e,2022,-0.59469
RD,LU_CLF,CO2e,2023,-0.56703
RD,LU_CLF,CO2e,2024,-0.53476
RD,LU_CLF,CO2e,2025,-0.51171
RD,LU_CLF,CO2e,2026,-0.48405
RD,LU_CLF,CO2e,2027,-0.461
RD,LU_CLF,CO2e,2028,-0.43795
RD,LU_CLF,CO2e,2029,-0.4148999999999999
RD,LU_CLF,CO2e,2030,-0.3964599999999999
RD,LU_CLF,CO2e,2031,-0.37341
RD,LU_CLF,CO2e,2032,-0.35497
RD,LU_CLF,CO2e,2033,-0.33653
RD,LU_CLF,CO2e,2034,-0.3227
RD,LU_CLF,CO2e,2035,-0.30426
RD,LU_CLF,CO2e,2036,-0.29043
RD,LU_CLF,CO2e,2037,-0.2766
RD,LU_CLF,CO2e,2038,-0.25816
RD,LU_CLF,CO2e,2039,-0.24433
RD,LU_CLF,CO2e,2040,-0.2305
RD,LU_CLF,CO2e,2041,-0.21667
RD,LU_CLF,CO2e,2042,-0.2028399999999999
RD,LU_CLF,CO2e,2043,-0.18901
RD,LU_CLF,CO2e,2044,-0.17979
RD,LU_CLF,CO2e,2045,-0.16596
RD,LU_CLF,CO2e,2046,-0.15674
RD,LU_CLF,CO2e,2047,-0.14752
RD,LU_CLF,CO2e,2048,-0.1383
RD,LU_CLF,CO2e,2049,-0.12908
RD,LU_CLF,CO2e,2050,-0.10142
RD,LU_DRY,CO2e,2018,-0.6323199999999999
RD,LU_DRY,CO2e,2019,-0.6323199999999999
RD,LU_DRY,CO2e,2020,-0.6323199999999999
RD,LU_DRY,CO2e,2021,-0.6323199999999999
RD,LU_DRY,CO2e,2022,-0.6308
RD,LU_DRY,CO2e,2023,-0.6247199999999999
RD,LU_DRY,CO2e,2024,-0.6186399999999999
RD,LU_DRY,CO2e,2025,-0.61408
RD,LU_DRY,CO2e,2026,-0.6080000000000001
RD,LU_DRY,CO2e,2027,-0.5776
RD,LU_DRY,CO2e,2028,-0.5487199999999999
RD,LU_DRY,CO2e,2029,-0.52136
RD,LU_DRY,CO2e,2030,-0.49552
RD,LU_DRY,CO2e,2031,-0.4696799999999999
RD,LU_DRY,CO2e,2032,-0.44688
RD,LU_DRY,CO2e,2033,-0.42408
RD,LU_DRY,CO2e,2034,-0.4028
RD,LU_DRY,CO2e,2035,-0.3830399999999999
RD,LU_DRY,CO2e,2036,-0.3632799999999999
RD,LU_DRY,CO2e,2037,-0.34504
RD,LU_DRY,CO2e,2038,-0.49987567856
RD,LU_DRY,CO2e,2039,-0.4689407373599999
RD,LU_DRY,CO2e,2040,-0.4421844539999998
RD,LU_DRY,CO2e,2041,-0.4308594659999999
RD,LU_DRY,CO2e,2042,-0.4141461388
RD,LU_DRY,CO2e,2043,-0.3938725703199999
RD,LU_DRY,CO2e,2044,-0.3682186152799999
RD,LU_DRY,CO2e,2045,-0.35010789888
RD,LU_DRY,CO2e,2046,-0.3475998243999999
RD,LU_DRY,CO2e,2047,-0.3403295959999998
RD,LU_DRY,CO2e,2048,-0.33118822024
RD,LU_DRY,CO2e,2049,-0.3216985273599997
RD,LU_DRY,CO2e,2050,-0.2952115712799999
RD,PROD_CLK_TRAD,CO2e,2018,1.8776107724
RD,PROD_CLK_TRAD,CO2e,2019,1.9591199298
RD,PROD_CLK_TRAD,CO2e,2020,1.778629941
RD,PROD_CLK_TRAD,CO2e,2021,2.3078697356
RD,PROD_CLK_TRAD,CO2e,2022,2.2973487493
RD,PROD_CLK_TRAD,CO2e,2023,2.3493459704000004
RD,PROD_CLK_TRAD,CO2e,2024,2.4435031005
RD,PROD_CLK_TRAD,CO2e,2025,2.6858914061839543
RD,PROD_CLK_TRAD,CO2e,2026,2.8469011211053448
RD,PROD_CLK_TRAD,CO2e,2027,3.002598888420419
RD,PROD_CLK_TRAD,CO2e,2028,3.15294071571771
RD,PROD_CLK_TRAD,CO2e,2029,3.297992228617204
RD,PROD_CLK_TRAD,CO2e,2030,3.4377823447330806
RD,PROD_CLK_TRAD,CO2e,2031,3.5723399816795185
RD,PROD_CLK_TRAD,CO2e,2032,3.7016940570706978
RD,PROD_CLK_TRAD,CO2e,2033,3.8259067042474233
RD,PROD_CLK_TRAD,CO2e,2034,3.944939917562536
RD,PROD_CLK_TRAD,CO2e,2035,4.058856323937149
RD,PROD_CLK_TRAD,CO2e,2036,4.167684840985453
RD,PROD_CLK_TRAD,CO2e,2037,4.271454386321615
RD,PROD_CLK_TRAD,CO2e,2038,4.370224651968494
RD,PROD_CLK_TRAD,CO2e,2039,4.4639625237760345
RD,PROD_CLK_TRAD,CO2e,2040,4.552728178486212
RD,PROD_CLK_TRAD,CO2e,2041,4.636550533713198
RD,PROD_CLK_TRAD,CO2e,2042,4.715458507071168
RD,PROD_CLK_TRAD,CO2e,2043,4.789481016174315
RD,PROD_CLK_TRAD,CO2e,2044,4.858674881947765
RD,PROD_CLK_TRAD,CO2e,2045,4.923012743070316
RD,PROD_CLK_TRAD,CO2e,2046,4.982551894552799
RD,PROD_CLK_TRAD,CO2e,2047,5.037321254009391
RD,PROD_CLK_TRAD,CO2e,2048,5.0873497390543125
RD,PROD_CLK_TRAD,CO2e,2049,5.132691826767763
RD,PROD_CLK_TRAD,CO2e,2050,5.173324852379497
RD,T5DSLCOM,CO2e_DE,2018,0.0837626399999999
RD,T5DSLCOM,CO2e_DE,2019,0.09933105
RD,T5DSLCOM,CO2e_DE,2020,0.0856595999999999
RD,T5DSLCOM,CO2e_DE,2021,0.09750819
RD,T5DSLCOM,CO2e_DE,2022,0.0909948
RD,T5DSLCOM,CO2e_DE,2023,0.0905872499999999
RD,T5DSLCOM,CO2e_DE,2024,0.0936846299999999
RD,T5DSLCOM,CO2e_DE,2025,0.09678942
RD,T5DSLCOM,CO2e_DE,2026,0.0986863799999999
RD,T5DSLCOM,CO2e_DE,2027,0.1005907499999999
RD,T5DSLCOM,CO2e_DE,2028,0.10249512
RD,T5DSLCOM,CO2e_DE,2029,0.10439949
RD,T5DSLCOM,CO2e_DE,2030,0.10630386
RD,T5DSLCOM,CO2e_DE,2031,0.10748205
RD,T5DSLCOM,CO2e_DE,2032,0.1086602399999999
RD,T5DSLCOM,CO2e_DE,2033,0.10983843
RD,T5DSLCOM,CO2e_DE,2034,0.11101662
RD,T5DSLCOM,CO2e_DE,2035,0.1121948099999999
RD,T5DSLCOM,CO2e_DE,2036,0.113373
RD,T5DSLCOM,CO2e_DE,2037,0.11455119
RD,T5DSLCOM,CO2e_DE,2038,0.1157293799999999
RD,T5DSLCOM,CO2e_DE,2039,0.11690757
RD,T5DSLCOM,CO2e_DE,2040,0.11808576
RD,T5DSLCOM,CO2e_DE,2041,0.11738922
RD,T5DSLCOM,CO2e_DE,2042,0.1167000899999999
RD,T5DSLCOM,CO2e_DE,2043,0.11600355
RD,T5DSLCOM,CO2e_DE,2044,0.11531442
RD,T5DSLCOM,CO2e_DE,2045,0.1146178799999999
RD,T5DSLCOM,CO2e_DE,2046,0.11392875
RD,T5DSLCOM,CO2e_DE,2047,0.11323221
RD,T5DSLCOM,CO2e_DE,2048,0.11254308
RD,T5DSLCOM,CO2e_DE,2049,0.1118465399999999
RD,T5DSLCOM,CO2e_DE,2050,0.11115741
RD,T5GSLCOM,CO2e_DE,2018,0.0022314599999999
RD,T5GSLCOM,CO2e_DE,2019,8.315999999999998e-05
RD,T5GSLCOM,CO2e_DE,2020,7.623e-05
RD,T5GSLCOM,CO2e_DE,2021,9.009e-05
RD,T5GSLCOM,CO2e_DE,2022,0.00011088
RD,T5GSLCOM,CO2e_DE,2023,0.00011088
RD,T5GSLCOM,CO2e_DE,2024,0.00011781
RD,T5GSLCOM,CO2e_DE,2025,0.00011781
RD,T5GSLCOM,CO2e_DE,2026,0.00011781
RD,T5GSLCOM,CO2e_DE,2027,0.00012474
RD,T5GSLCOM,CO2e_DE,2028,0.00012474
RD,T5GSLCOM,CO2e_DE,2029,0.0001316699999999
RD,T5GSLCOM,CO2e_DE,2030,0.0001316699999999
RD,T5GSLCOM,CO2e_DE,2031,0.0001316699999999
RD,T5GSLCOM,CO2e_DE,2032,0.0001316699999999
RD,T5GSLCOM,CO2e_DE,2033,0.0001316699999999
RD,T5GSLCOM,CO2e_DE,2034,0.0001386
RD,T5GSLCOM,CO2e_DE,2035,0.0001386
RD,T5GSLCOM,CO2e_DE,2036,0.0001386
RD,T5GSLCOM,CO2e_DE,2037,0.0001386
RD,T5GSLCOM,CO2e_DE,2038,0.00014553
RD,T5GSLCOM,CO2e_DE,2039,0.00014553
RD,T5GSLCOM,CO2e_DE,2040,0.00014553
RD,T5GSLCOM,CO2e_DE,2041,0.00014553
RD,T5GSLCOM,CO2e_DE,2042,0.00014553
RD,T5GSLCOM,CO2e_DE,2043,0.00014553
RD,T5GSLCOM,CO2e_DE,2044,0.0001386
RD,T5GSLCOM,CO2e_DE,2045,0.0001386
RD,T5GSLCOM,CO2e_DE,2046,0.0001386
RD,T5GSLCOM,CO2e_DE,2047,0.0001386
RD,T5GSLCOM,CO2e_DE,2048,0.0001386
RD,T5GSLCOM,CO2e_DE,2049,0.0001386
RD,T5GSLCOM,CO2e_DE,2050,0.0001386
RD,T5NGSCOM,CO2e_DE,2018,0.0053295
RD,T5LPGCOM,CO2e_DE,2018,0.13227653
RD,T5LPGCOM,CO2e_DE,2019,0.16262763
RD,T5LPGCOM,CO2e_DE,2020,0.14293412
RD,T5LPGCOM,CO2e_DE,2021,0.1586207799999999
RD,T5LPGCOM,CO2e_DE,2022,0.15700542
RD,T5LPGCOM,CO2e_DE,2023,0.15630501
RD,T5LPGCOM,CO2e_DE,2024,0.16164327
RD,T5LPGCOM,CO2e_DE,2025,0.16699415
RD,T5LPGCOM,CO2e_DE,2026,0.17027535
RD,T5LPGCOM,CO2e_DE,2027,0.17355655
RD,T5LPGCOM,CO2e_DE,2028,0.17684406
RD,T5LPGCOM,CO2e_DE,2029,0.18012526
RD,T5LPGCOM,CO2e_DE,2030,0.18340646
RD,T5LPGCOM,CO2e_DE,2031,0.18543828
RD,T5LPGCOM,CO2e_DE,2032,0.18747641
RD,T5LPGCOM,CO2e_DE,2033,0.18950823
RD,T5LPGCOM,CO2e_DE,2034,0.1915400499999999
RD,T5LPGCOM,CO2e_DE,2035,0.19357187
RD,T5LPGCOM,CO2e_DE,2036,0.19560369
RD,T5LPGCOM,CO2e_DE,2037,0.19763551
RD,T5LPGCOM,CO2e_DE,2038,0.19966733
RD,T5LPGCOM,CO2e_DE,2039,0.20170546
RD,T5LPGCOM,CO2e_DE,2040,0.20373728
RD,T5LPGCOM,CO2e_DE,2041,0.20253838
RD,T5LPGCOM,CO2e_DE,2042,0.20134579
RD,T5LPGCOM,CO2e_DE,2043,0.2001532
RD,T5LPGCOM,CO2e_DE,2044,0.1989543
RD,T5LPGCOM,CO2e_DE,2045,0.19776171
RD,T5LPGCOM,CO2e_DE,2046,0.19656281
RD,T5LPGCOM,CO2e_DE,2047,0.19537022
RD,T5LPGCOM,CO2e_DE,2048,0.19417132
RD,T5LPGCOM,CO2e_DE,2049,0.19297873
RD,T5LPGCOM,CO2e_DE,2050,0.19178614
RD,T5FIRCOM,CO2e_DE,2018,0.0027664
RD,T5FIRCOM,CO2e_DE,2019,0.0002911999999999
RD,T5FIRCOM,CO2e_DE,2020,0.0002911999999999
RD,T5FIRCOM,CO2e_DE,2021,0.0003024
RD,T5FIRCOM,CO2e_DE,2022,0.0003024
RD,T5FIRCOM,CO2e_DE,2023,0.0003024
RD,T5FIRCOM,CO2e_DE,2024,0.0003135999999999
RD,T5FIRCOM,CO2e_DE,2025,0.0003247999999999
RD,T5FIRCOM,CO2e_DE,2026,0.0003247999999999
RD,T5FIRCOM,CO2e_DE,2027,0.000336
RD,T5FIRCOM,CO2e_DE,2028,0.000336
RD,T5FIRCOM,CO2e_DE,2029,0.0003471999999999
RD,T5FIRCOM,CO2e_DE,2030,0.0003471999999999
RD,T5FIRCOM,CO2e_DE,2031,0.0003584
RD,T5FIRCOM,CO2e_DE,2032,0.0003584
RD,T5FIRCOM,CO2e_DE,2033,0.0003584
RD,T5FIRCOM,CO2e_DE,2034,0.0003695999999999
RD,T5FIRCOM,CO2e_DE,2035,0.0003695999999999
RD,T5FIRCOM,CO2e_DE,2036,0.0003695999999999
RD,T5FIRCOM,CO2e_DE,2037,0.0003807999999999
RD,T5FIRCOM,CO2e_DE,2038,0.0003807999999999
RD,T5FIRCOM,CO2e_DE,2039,0.0003807999999999
RD,T5FIRCOM,CO2e_DE,2040,0.000392
RD,T5FIRCOM,CO2e_DE,2041,0.000392
RD,T5FIRCOM,CO2e_DE,2042,0.0003807999999999
RD,T5FIRCOM,CO2e_DE,2043,0.0003807999999999
RD,T5FIRCOM,CO2e_DE,2044,0.0003807999999999
RD,T5FIRCOM,CO2e_DE,2045,0.0003807999999999
RD,T5FIRCOM,CO2e_DE,2046,0.0003807999999999
RD,T5FIRCOM,CO2e_DE,2047,0.0003695999999999
RD,T5FIRCOM,CO2e_DE,2048,0.0003695999999999
RD,T5FIRCOM,CO2e_DE,2049,0.0003695999999999
RD,T5FIRCOM,CO2e_DE,2050,0.0003695999999999
RD,T5DSLIND,CO2e_DE,2018,0.3647794799999999
RD,T5DSLIND,CO2e_DE,2019,0.52931112
RD,T5DSLIND,CO2e_DE,2020,0.45644859
RD,T5DSLIND,CO2e_DE,2021,0.5195891999999999
RD,T5DSLIND,CO2e_DE,2022,0.4848955799999999
RD,T5DSLIND,CO2e_DE,2023,0.4834728599999999
RD,T5DSLIND,CO2e_DE,2024,0.5011901699999999
RD,T5DSLIND,CO2e_DE,2025,0.5189963999999999
RD,T5DSLIND,CO2e_DE,2026,0.5304003899999999
RD,T5DSLIND,CO2e_DE,2027,0.54179697
RD,T5DSLIND,CO2e_DE,2028,0.55319355
RD,T5DSLIND,CO2e_DE,2029,0.56459754
RD,T5DSLIND,CO2e_DE,2030,0.57599412
RD,T5DSLIND,CO2e_DE,2031,0.5833818899999998
RD,T5DSLIND,CO2e_DE,2032,0.59077707
RD,T5DSLIND,CO2e_DE,2033,0.59816484
RD,T5DSLIND,CO2e_DE,2034,0.6055600199999999
RD,T5DSLIND,CO2e_DE,2035,0.6129477899999999
RD,T5DSLIND,CO2e_DE,2036,0.62034297
RD,T5DSLIND,CO2e_DE,2037,0.62773074
RD,T5DSLIND,CO2e_DE,2038,0.6351185099999999
RD,T5DSLIND,CO2e_DE,2039,0.6425136899999999
RD,T5DSLIND,CO2e_DE,2040,0.64990146
RD,T5DSLIND,CO2e_DE,2041,0.64668552
RD,T5DSLIND,CO2e_DE,2042,0.6434695799999999
RD,T5DSLIND,CO2e_DE,2043,0.6402536399999998
RD,T5DSLIND,CO2e_DE,2044,0.6370376999999999
RD,T5DSLIND,CO2e_DE,2045,0.6338217599999999
RD,T5DSLIND,CO2e_DE,2046,0.6306058199999999
RD,T5DSLIND,CO2e_DE,2047,0.62738988
RD,T5DSLIND,CO2e_DE,2048,0.62417394
RD,T5DSLIND,CO2e_DE,2049,0.6209505899999999
RD,T5DSLIND,CO2e_DE,2050,0.61773465
RD,T5GSLIND,CO2e_DE,2018,5.544000000000001e-05
RD,T5GSLIND,CO2e_DE,2019,0.00426888
RD,T5GSLIND,CO2e_DE,2020,0.00394317
RD,T5GSLIND,CO2e_DE,2021,0.00482328
RD,T5GSLIND,CO2e_DE,2022,0.00596673
RD,T5GSLIND,CO2e_DE,2023,0.00594594
RD,T5GSLIND,CO2e_DE,2024,0.0061676999999999
RD,T5GSLIND,CO2e_DE,2025,0.00638253
RD,T5GSLIND,CO2e_DE,2026,0.00652806
RD,T5GSLIND,CO2e_DE,2027,0.0066666599999999
RD,T5GSLIND,CO2e_DE,2028,0.0068052599999999
RD,T5GSLIND,CO2e_DE,2029,0.0069438599999999
RD,T5GSLIND,CO2e_DE,2030,0.0070824599999999
RD,T5GSLIND,CO2e_DE,2031,0.00717948
RD,T5GSLIND,CO2e_DE,2032,0.0072695699999999
RD,T5GSLIND,CO2e_DE,2033,0.00735966
RD,T5GSLIND,CO2e_DE,2034,0.0074497499999999
RD,T5GSLIND,CO2e_DE,2035,0.0075398399999999
RD,T5GSLIND,CO2e_DE,2036,0.00762993
RD,T5GSLIND,CO2e_DE,2037,0.00772002
RD,T5GSLIND,CO2e_DE,2038,0.0078101099999999
RD,T5GSLIND,CO2e_DE,2039,0.00790713
RD,T5GSLIND,CO2e_DE,2040,0.00799722
RD,T5GSLIND,CO2e_DE,2041,0.0079556399999999
RD,T5GSLIND,CO2e_DE,2042,0.00791406
RD,T5GSLIND,CO2e_DE,2043,0.0078794099999999
RD,T5GSLIND,CO2e_DE,2044,0.00783783
RD,T5GSLIND,CO2e_DE,2045,0.00779625
RD,T5GSLIND,CO2e_DE,2046,0.00775467
RD,T5GSLIND,CO2e_DE,2047,0.00772002
RD,T5GSLIND,CO2e_DE,2048,0.0076784399999999
RD,T5GSLIND,CO2e_DE,2049,0.00763686
RD,T5GSLIND,CO2e_DE,2050,0.00760221
RD,T5NGSIND,CO2e_DE,2018,0.2150313
RD,T5NGSIND,CO2e_DE,2019,0.2265822899999999
RD,T5NGSIND,CO2e_DE,2020,0.23703372
RD,T5NGSIND,CO2e_DE,2021,0.18742449
RD,T5NGSIND,CO2e_DE,2022,0.2176006799999999
RD,T5NGSIND,CO2e_DE,2023,0.21696114
RD,T5NGSIND,CO2e_DE,2024,0.22491051
RD,T5NGSIND,CO2e_DE,2025,0.2329047599999999
RD,T5NGSIND,CO2e_DE,2026,0.23801547
RD,T5NGSIND,CO2e_DE,2027,0.2431317899999999
RD,T5NGSIND,CO2e_DE,2028,0.2482481099999999
RD,T5NGSIND,CO2e_DE,2029,0.2533644299999999
RD,T5NGSIND,CO2e_DE,2030,0.2584807499999999
RD,T5NGSIND,CO2e_DE,2031,0.26179626
RD,T5NGSIND,CO2e_DE,2032,0.2651117699999999
RD,T5NGSIND,CO2e_DE,2033,0.2684272799999999
RD,T5NGSIND,CO2e_DE,2034,0.2717484
RD,T5NGSIND,CO2e_DE,2035,0.27506391
RD,T5NGSIND,CO2e_DE,2036,0.2783794199999999
RD,T5NGSIND,CO2e_DE,2037,0.28169493
RD,T5NGSIND,CO2e_DE,2038,0.2850160499999999
RD,T5NGSIND,CO2e_DE,2039,0.2883315599999999
RD,T5NGSIND,CO2e_DE,2040,0.2916470699999999
RD,T5NGSIND,CO2e_DE,2041,0.2902053
RD,T5NGSIND,CO2e_DE,2042,0.2887579199999999
RD,T5NGSIND,CO2e_DE,2043,0.2873161499999999
RD,T5NGSIND,CO2e_DE,2044,0.2858743799999999
RD,T5NGSIND,CO2e_DE,2045,0.2844269999999999
RD,T5NGSIND,CO2e_DE,2046,0.2829852299999999
RD,T5NGSIND,CO2e_DE,2047,0.2815434599999999
RD,T5NGSIND,CO2e_DE,2048,0.2801016899999999
RD,T5NGSIND,CO2e_DE,2049,0.27865431
RD,T5NGSIND,CO2e_DE,2050,0.2772125399999999
RD,T5LPGIND,CO2e_DE,2018,0.06015323
RD,T5LPGIND,CO2e_DE,2019,0.14612067
RD,T5LPGIND,CO2e_DE,2020,0.12842743
RD,T5LPGIND,CO2e_DE,2021,0.14252397
RD,T5LPGIND,CO2e_DE,2022,0.14106636
RD,T5LPGIND,CO2e_DE,2023,0.14065621
RD,T5LPGIND,CO2e_DE,2024,0.1458051699999999
RD,T5LPGIND,CO2e_DE,2025,0.1509856799999999
RD,T5LPGIND,CO2e_DE,2026,0.15430474
RD,T5LPGIND,CO2e_DE,2027,0.15761749
RD,T5LPGIND,CO2e_DE,2028,0.16093655
RD,T5LPGIND,CO2e_DE,2029,0.16425561
RD,T5LPGIND,CO2e_DE,2030,0.16756836
RD,T5LPGIND,CO2e_DE,2031,0.16972007
RD,T5LPGIND,CO2e_DE,2032,0.17187178
RD,T5LPGIND,CO2e_DE,2033,0.17401718
RD,T5LPGIND,CO2e_DE,2034,0.17616889
RD,T5LPGIND,CO2e_DE,2035,0.1783206
RD,T5LPGIND,CO2e_DE,2036,0.18047231
RD,T5LPGIND,CO2e_DE,2037,0.18261771
RD,T5LPGIND,CO2e_DE,2038,0.18476942
RD,T5LPGIND,CO2e_DE,2039,0.18692113
RD,T5LPGIND,CO2e_DE,2040,0.18907284
RD,T5LPGIND,CO2e_DE,2041,0.18813265
RD,T5LPGIND,CO2e_DE,2042,0.18719877
RD,T5LPGIND,CO2e_DE,2043,0.18626489
RD,T5LPGIND,CO2e_DE,2044,0.1853247
RD,T5LPGIND,CO2e_DE,2045,0.18439082
RD,T5LPGIND,CO2e_DE,2046,0.18345694
RD,T5LPGIND,CO2e_DE,2047,0.1825230599999999
RD,T5LPGIND,CO2e_DE,2048,0.18158287
RD,T5LPGIND,CO2e_DE,2049,0.18064899
RD,T5LPGIND,CO2e_DE,2050,0.17971511
RD,T5COKIND,CO2e_DE,2018,0.77683125
RD,T5COKIND,CO2e_DE,2019,1.6466775
RD,T5COKIND,CO2e_DE,2020,1.6091497500000005
RD,T5COKIND,CO2e_DE,2021,1.81721475
RD,T5COKIND,CO2e_DE,2022,1.83211275
RD,T5COKIND,CO2e_DE,2023,1.8267405
RD,T5COKIND,CO2e_DE,2024,1.893684
RD,T5COKIND,CO2e_DE,2025,1.960959
RD,T5COKIND,CO2e_DE,2026,2.0040345000000004
RD,T5COKIND,CO2e_DE,2027,2.04710025
RD,T5COKIND,CO2e_DE,2028,2.09017575
RD,T5COKIND,CO2e_DE,2029,2.1332415
RD,T5COKIND,CO2e_DE,2030,2.176317
RD,T5COKIND,CO2e_DE,2031,2.204241
RD,T5COKIND,CO2e_DE,2032,2.232165
RD,T5COKIND,CO2e_DE,2033,2.260089
RD,T5COKIND,CO2e_DE,2034,2.288013
RD,T5COKIND,CO2e_DE,2035,2.315937
RD,T5COKIND,CO2e_DE,2036,2.343861
RD,T5COKIND,CO2e_DE,2037,2.371785
RD,T5COKIND,CO2e_DE,2038,2.399709
RD,T5COKIND,CO2e_DE,2039,2.4276427500000004
RD,T5COKIND,CO2e_DE,2040,2.45556675
RD,T5COKIND,CO2e_DE,2041,2.4434085000000003
RD,T5COKIND,CO2e_DE,2042,2.43126
RD,T5COKIND,CO2e_DE,2043,2.41910175
RD,T5COKIND,CO2e_DE,2044,2.40695325
RD,T5COKIND,CO2e_DE,2045,2.394795
RD,T5COKIND,CO2e_DE,2046,2.3826465
RD,T5COKIND,CO2e_DE,2047,2.37048825
RD,T5COKIND,CO2e_DE,2048,2.35833975
RD,T5COKIND,CO2e_DE,2049,2.3461815
RD,T5COKIND,CO2e_DE,2050,2.334033
RD,T5COAIND,CO2e_DE,2018,0.38335704
RD,T5COAIND,CO2e_DE,2019,0.37143744
RD,T5COAIND,CO2e_DE,2020,0.36006652
RD,T5COAIND,CO2e_DE,2021,0.34903616
RD,T5COAIND,CO2e_DE,2022,0.34903616
RD,T5COAIND,CO2e_DE,2023,0.34801448
RD,T5COAIND,CO2e_DE,2024,0.36076656
RD,T5COAIND,CO2e_DE,2025,0.37358486
RD,T5COAIND,CO2e_DE,2026,0.38178668
RD,T5COAIND,CO2e_DE,2027,0.38999796
RD,T5COAIND,CO2e_DE,2028,0.39819978
RD,T5COAIND,CO2e_DE,2029,0.4064016
RD,T5COAIND,CO2e_DE,2030,0.4146128799999999
RD,T5COAIND,CO2e_DE,2031,0.4199294
RD,T5COAIND,CO2e_DE,2032,0.42524592
RD,T5COAIND,CO2e_DE,2033,0.4305719
RD,T5COAIND,CO2e_DE,2034,0.43588842
RD,T5COAIND,CO2e_DE,2035,0.4412144
RD,T5COAIND,CO2e_DE,2036,0.44653092
RD,T5COAIND,CO2e_DE,2037,0.4518474399999999
RD,T5COAIND,CO2e_DE,2038,0.45717342
RD,T5COAIND,CO2e_DE,2039,0.4624899399999999
RD,T5COAIND,CO2e_DE,2040,0.46780646
RD,T5COAIND,CO2e_DE,2041,0.46549822
RD,T5COAIND,CO2e_DE,2042,0.46318052
RD,T5COAIND,CO2e_DE,2043,0.46086282
RD,T5COAIND,CO2e_DE,2044,0.45854512
RD,T5COAIND,CO2e_DE,2045,0.45623688
RD,T5COAIND,CO2e_DE,2046,0.45391918
RD,T5COAIND,CO2e_DE,2047,0.45160148
RD,T5COAIND,CO2e_DE,2048,0.44928378
RD,T5COAIND,CO2e_DE,2049,0.44697554
RD,T5COAIND,CO2e_DE,2050,0.44465784
RD,T5FOIIND,CO2e_DE,2018,0.5502211199999999
RD,T5FOIIND,CO2e_DE,2019,0.7550215199999998
RD,T5FOIIND,CO2e_DE,2020,1.05893262
RD,T5FOIIND,CO2e_DE,2021,1.24310592
RD,T5FOIIND,CO2e_DE,2022,1.62862758
RD,T5FOIIND,CO2e_DE,2023,1.62384426
RD,T5FOIIND,CO2e_DE,2024,1.68334938
RD,T5FOIIND,CO2e_DE,2025,1.74315636
RD,T5FOIIND,CO2e_DE,2026,1.78144614
RD,T5FOIIND,CO2e_DE,2027,1.81972818
RD,T5FOIIND,CO2e_DE,2028,1.85801796
RD,T5FOIIND,CO2e_DE,2029,1.89630774
RD,T5FOIIND,CO2e_DE,2030,1.93458978
RD,T5FOIIND,CO2e_DE,2031,1.95941196
RD,T5FOIIND,CO2e_DE,2032,1.98423414
RD,T5FOIIND,CO2e_DE,2033,2.00906406
RD,T5FOIIND,CO2e_DE,2034,2.03388624
RD,T5FOIIND,CO2e_DE,2035,2.05870842
RD,T5FOIIND,CO2e_DE,2036,2.0835306
RD,T5FOIIND,CO2e_DE,2037,2.10835278
RD,T5FOIIND,CO2e_DE,2038,2.1331827
RD,T5FOIIND,CO2e_DE,2039,2.15800488
RD,T5FOIIND,CO2e_DE,2040,2.18282706
RD,T5FOIIND,CO2e_DE,2041,2.17202202
RD,T5FOIIND,CO2e_DE,2042,2.16121698
RD,T5FOIIND,CO2e_DE,2043,2.15041968
RD,T5FOIIND,CO2e_DE,2044,2.13961464
RD,T5FOIIND,CO2e_DE,2045,2.1288096
RD,T5FOIIND,CO2e_DE,2046,2.11800456
RD,T5FOIIND,CO2e_DE,2047,2.10719952
RD,T5FOIIND,CO2e_DE,2048,2.09640222
RD,T5FOIIND,CO2e_DE,2049,2.08559718
RD,T5FOIIND,CO2e_DE,2050,2.07479214
RD,T5LPGRES,CO2e_DE,2018,1.39466775
RD,T5LPGRES,CO2e_DE,2019,1.29270446
RD,T5LPGRES,CO2e_DE,2020,1.1361470500000002
RD,T5LPGRES,CO2e_DE,2021,1.26084527
RD,T5LPGRES,CO2e_DE,2022,1.24797918
RD,T5LPGRES,CO2e_DE,2023,1.26641069
RD,T5LPGRES,CO2e_DE,2024,1.31925063
RD,T5LPGRES,CO2e_DE,2025,1.3726143000000002
RD,T5LPGRES,CO2e_DE,2026,1.40928171
RD,T5LPGRES,CO2e_DE,2027,1.44594912
RD,T5LPGRES,CO2e_DE,2028,1.4826165300000005
RD,T5LPGRES,CO2e_DE,2029,1.5192839400000002
RD,T5LPGRES,CO2e_DE,2030,1.5559513500000002
RD,T5LPGRES,CO2e_DE,2031,1.58156995
RD,T5LPGRES,CO2e_DE,2032,1.60719486
RD,T5LPGRES,CO2e_DE,2033,1.63281977
RD,T5LPGRES,CO2e_DE,2034,1.65843837
RD,T5LPGRES,CO2e_DE,2035,1.6840632800000002
RD,T5LPGRES,CO2e_DE,2036,1.70968819
RD,T5LPGRES,CO2e_DE,2037,1.73530679
RD,T5LPGRES,CO2e_DE,2038,1.7609317
RD,T5LPGRES,CO2e_DE,2039,1.78655661
RD,T5LPGRES,CO2e_DE,2040,1.81217521
RD,T5LPGRES,CO2e_DE,2041,1.80663503
RD,T5LPGRES,CO2e_DE,2042,1.80109485
RD,T5LPGRES,CO2e_DE,2043,1.79555467
RD,T5LPGRES,CO2e_DE,2044,1.79001449
RD,T5LPGRES,CO2e_DE,2045,1.7844743100000002
RD,T5LPGRES,CO2e_DE,2046,1.77893413
RD,T5LPGRES,CO2e_DE,2047,1.7733939500000002
RD,T5LPGRES,CO2e_DE,2048,1.76785377
RD,T5LPGRES,CO2e_DE,2049,1.76231359
RD,T5LPGRES,CO2e_DE,2050,1.75677341
RD,T5KERRES,CO2e_DE,2019,0.0056801
RD,T5KERRES,CO2e_DE,2020,0.02188636
RD,T5KERRES,CO2e_DE,2021,0.02261974
RD,T5KERRES,CO2e_DE,2022,0.03310995
RD,T5KERRES,CO2e_DE,2023,0.03359887
RD,T5KERRES,CO2e_DE,2024,0.03500092
RD,T5KERRES,CO2e_DE,2025,0.03641735
RD,T5KERRES,CO2e_DE,2026,0.037388
RD,T5KERRES,CO2e_DE,2027,0.0383658399999999
RD,T5KERRES,CO2e_DE,2028,0.03933649
RD,T5KERRES,CO2e_DE,2029,0.04030714
RD,T5KERRES,CO2e_DE,2030,0.04128498
RD,T5KERRES,CO2e_DE,2031,0.04196084
RD,T5KERRES,CO2e_DE,2032,0.04264389
RD,T5KERRES,CO2e_DE,2033,0.04331975
RD,T5KERRES,CO2e_DE,2034,0.0440028
RD,T5KERRES,CO2e_DE,2035,0.04467866
RD,T5KERRES,CO2e_DE,2036,0.04536171
RD,T5KERRES,CO2e_DE,2037,0.04603757
RD,T5KERRES,CO2e_DE,2038,0.04672062
RD,T5KERRES,CO2e_DE,2039,0.04739648
RD,T5KERRES,CO2e_DE,2040,0.04807953
RD,T5KERRES,CO2e_DE,2041,0.04793573
RD,T5KERRES,CO2e_DE,2042,0.0477847399999999
RD,T5KERRES,CO2e_DE,2043,0.04764094
RD,T5KERRES,CO2e_DE,2044,0.04748995
RD,T5KERRES,CO2e_DE,2045,0.04734615
RD,T5KERRES,CO2e_DE,2046,0.04719516
RD,T5KERRES,CO2e_DE,2047,0.04705136
RD,T5KERRES,CO2e_DE,2048,0.04690037
RD,T5KERRES,CO2e_DE,2049,0.04675657
RD,T5KERRES,CO2e_DE,2050,0.04661277
RD,T5FIRRES,CO2e_DE,2018,1.39692
RD,T5FIRRES,CO2e_DE,2019,2.0478192
RD,T5FIRRES,CO2e_DE,2020,2.0741056
RD,T5FIRRES,CO2e_DE,2021,2.1001904
RD,T5FIRRES,CO2e_DE,2022,2.117416
RD,T5FIRRES,CO2e_DE,2023,2.1486752
RD,T5FIRRES,CO2e_DE,2024,2.2383312
RD,T5FIRRES,CO2e_DE,2025,2.3288832000000004
RD,T5FIRRES,CO2e_DE,2026,2.391088
RD,T5FIRRES,CO2e_DE,2027,2.453304
RD,T5FIRRES,CO2e_DE,2028,2.5155088
RD,T5FIRRES,CO2e_DE,2029,2.5777248
RD,T5FIRRES,CO2e_DE,2030,2.6399408
RD,T5FIRRES,CO2e_DE,2031,2.683408
RD,T5FIRRES,CO2e_DE,2032,2.7268864
RD,T5FIRRES,CO2e_DE,2033,2.7703536
RD,T5FIRRES,CO2e_DE,2034,2.813832
RD,T5FIRRES,CO2e_DE,2035,2.8572992000000004
RD,T5FIRRES,CO2e_DE,2036,2.9007776
RD,T5FIRRES,CO2e_DE,2037,2.9442448000000003
RD,T5FIRRES,CO2e_DE,2038,2.9877232000000005
RD,T5FIRRES,CO2e_DE,2039,3.0312016
RD,T5FIRRES,CO2e_DE,2040,3.0746688
RD,T5FIRRES,CO2e_DE,2041,3.065272
RD,T5FIRRES,CO2e_DE,2042,3.055864
RD,T5FIRRES,CO2e_DE,2043,3.0464672000000004
RD,T5FIRRES,CO2e_DE,2044,3.0370704
RD,T5FIRRES,CO2e_DE,2045,3.0276624
RD,T5FIRRES,CO2e_DE,2046,3.0182656
RD,T5FIRRES,CO2e_DE,2047,3.0088688
RD,T5FIRRES,CO2e_DE,2048,2.9994608
RD,T5FIRRES,CO2e_DE,2049,2.990064
RD,T5FIRRES,CO2e_DE,2050,2.9806672
RD,T5GSLCON,CO2e_DE,2019,0.0787448376571237
RD,T5GSLCON,CO2e_DE,2020,0.0727381196729267
RD,T5GSLCON,CO2e_DE,2021,0.0890153850532819
RD,T5GSLCON,CO2e_DE,2022,0.1100460113364156
RD,T5GSLCON,CO2e_DE,2023,0.1123528874005504
RD,T5GSLCON,CO2e_DE,2024,0.1177052447741531
RD,T5GSLCON,CO2e_DE,2025,0.123141512076888
RD,T5GSLCON,CO2e_DE,2026,0.1283416741440117
RD,T5GSLCON,CO2e_DE,2027,0.1336787315503551
RD,T5GSLCON,CO2e_DE,2028,0.1394021555549891
RD,T5GSLCON,CO2e_DE,2029,0.1449763724805366
RD,T5GSLCON,CO2e_DE,2030,0.1505863825420711
RD,T5GSLCON,CO2e_DE,2031,0.155864501090535
RD,T5GSLCON,CO2e_DE,2032,0.1611426196389981
RD,T5GSLCON,CO2e_DE,2033,0.1664207381874619
RD,T5GSLCON,CO2e_DE,2034,0.1716988567359258
RD,T5GSLCON,CO2e_DE,2035,0.1769769752843889
RD,T5GSLCON,CO2e_DE,2036,0.1822550938328527
RD,T5GSLCON,CO2e_DE,2037,0.1875332123813166
RD,T5GSLCON,CO2e_DE,2038,0.1928113309297797
RD,T5GSLCON,CO2e_DE,2039,0.1980894494782436
RD,T5GSLCON,CO2e_DE,2040,0.2033675680267074
RD,T5GSLCON,CO2e_DE,2041,0.2075249831174739
RD,T5GSLCON,CO2e_DE,2042,0.2116823982082411
RD,T5GSLCON,CO2e_DE,2043,0.2158398132990075
RD,T5GSLCON,CO2e_DE,2044,0.2199972283897747
RD,T5GSLCON,CO2e_DE,2045,0.2241546434805412
RD,T5GSLCON,CO2e_DE,2046,0.2283120585713077
RD,T5GSLCON,CO2e_DE,2047,0.2324694736620749
RD,T5GSLCON,CO2e_DE,2048,0.2366268887528413
RD,T5GSLCON,CO2e_DE,2049,0.2407843038436085
RD,T5GSLCON,CO2e_DE,2050,0.244941718934375
RD,T5LPGCON,CO2e_DE,2019,0.0404208089201515
RD,T5LPGCON,CO2e_DE,2020,0.0355256230387179
RD,T5LPGCON,CO2e_DE,2021,0.0394247567672436
RD,T5LPGCON,CO2e_DE,2022,0.039022422467681
RD,T5LPGCON,CO2e_DE,2023,0.0398404429598552
RD,T5LPGCON,CO2e_DE,2024,0.0417383940813387
RD,T5LPGCON,CO2e_DE,2025,0.0436660997451637
RD,T5LPGCON,CO2e_DE,2026,0.0455100822631978
RD,T5LPGCON,CO2e_DE,2027,0.0474026080014358
RD,T5LPGCON,CO2e_DE,2028,0.0494321397105653
RD,T5LPGCON,CO2e_DE,2029,0.0514087624445802
RD,T5LPGCON,CO2e_DE,2030,0.0533980774593689
RD,T5LPGCON,CO2e_DE,2031,0.0552697034213767
RD,T5LPGCON,CO2e_DE,2032,0.0571413293833847
RD,T5LPGCON,CO2e_DE,2033,0.0590129553453925
RD,T5LPGCON,CO2e_DE,2034,0.0608845813074004
RD,T5LPGCON,CO2e_DE,2035,0.0627562072694083
RD,T5LPGCON,CO2e_DE,2036,0.0646278332314162
RD,T5LPGCON,CO2e_DE,2037,0.0664994591934241
RD,T5LPGCON,CO2e_DE,2038,0.068371085155432
RD,T5LPGCON,CO2e_DE,2039,0.07024271111744
RD,T5LPGCON,CO2e_DE,2040,0.0721143370794479
RD,T5LPGCON,CO2e_DE,2041,0.0735885605072235
RD,T5LPGCON,CO2e_DE,2042,0.0750627839349991
RD,T5LPGCON,CO2e_DE,2043,0.0765370073627748
RD,T5LPGCON,CO2e_DE,2044,0.0780112307905504
RD,T5LPGCON,CO2e_DE,2045,0.079485454218326
RD,T5LPGCON,CO2e_DE,2046,0.0809596776461016
RD,T5LPGCON,CO2e_DE,2047,0.0824339010738779
RD,T5LPGCON,CO2e_DE,2048,0.0839081245016535
RD,T5LPGCON,CO2e_DE,2049,0.0853823479294291
RD,T5LPGCON,CO2e_DE,2050,0.0868565713572048
RD,T5NGSEXP,CO2e_DE,2018,0.0676079412778381
RD,T5NGSEXP,CO2e_DE,2019,0.0847933606989738
RD,T5NGSEXP,CO2e_DE,2020,0.1298019049169568
RD,T5NGSEXP,CO2e_DE,2021,0.1187482452944761
RD,T5NGSEXP,CO2e_DE,2022,0.0849888234895572
RD,T5NGSEXP,CO2e_DE,2023,0.0869950829919956
RD,T5NGSEXP,CO2e_DE,2024,0.0902741449274838
RD,T5NGSEXP,CO2e_DE,2025,0.0935729937951014
RD,T5NGSEXP,CO2e_DE,2026,0.0966994832572964
RD,T5NGSEXP,CO2e_DE,2027,0.0998811330526348
RD,T5NGSEXP,CO2e_DE,2028,0.1032646714764437
RD,T5NGSEXP,CO2e_DE,2029,0.1065317546571183
RD,T5NGSEXP,CO2e_DE,2030,0.1097934210531415
RD,T5NGSEXP,CO2e_DE,2031,0.1127505266959295
RD,T5NGSEXP,CO2e_DE,2032,0.1157076323387174
RD,T5NGSEXP,CO2e_DE,2033,0.118664737981506
RD,T5NGSEXP,CO2e_DE,2034,0.121621843624294
RD,T5NGSEXP,CO2e_DE,2035,0.1245789492670825
RD,T5NGSEXP,CO2e_DE,2036,0.1275360549098705
RD,T5NGSEXP,CO2e_DE,2037,0.1304931605526585
RD,T5NGSEXP,CO2e_DE,2038,0.133450266195447
RD,T5NGSEXP,CO2e_DE,2039,0.136407371838235
RD,T5NGSEXP,CO2e_DE,2040,0.1393644774810235
RD,T5NGSEXP,CO2e_DE,2041,0.1415787988635803
RD,T5NGSEXP,CO2e_DE,2042,0.1437931202461372
RD,T5NGSEXP,CO2e_DE,2043,0.146007441628694
RD,T5NGSEXP,CO2e_DE,2044,0.1482217630112509
RD,T5NGSEXP,CO2e_DE,2045,0.1504360843938077
RD,T5NGSEXP,CO2e_DE,2046,0.1526504057763646
RD,T5NGSEXP,CO2e_DE,2047,0.1548647271589214
RD,T5NGSEXP,CO2e_DE,2048,0.1570790485414783
RD,T5NGSEXP,CO2e_DE,2049,0.1592933699240351
RD,T5NGSEXP,CO2e_DE,2050,0.1615076913065919
RD,T5KEREXP,CO2e_DE,2018,1.6884502262536358
RD,T5KEREXP,CO2e_DE,2019,1.6061150652555218
RD,T5KEREXP,CO2e_DE,2020,0.6575822594031977
RD,T5KEREXP,CO2e_DE,2021,1.1256677839608946
RD,T5KEREXP,CO2e_DE,2022,1.5850441510041822
RD,T5KEREXP,CO2e_DE,2023,1.6224609519336235
RD,T5KEREXP,CO2e_DE,2024,1.6836155570713809
RD,T5KEREXP,CO2e_DE,2025,1.7451391890970274
RD,T5KEREXP,CO2e_DE,2026,1.8034483129530312
RD,T5KEREXP,CO2e_DE,2027,1.862786178705036
RD,T5KEREXP,CO2e_DE,2028,1.925889273537448
RD,T5KEREXP,CO2e_DE,2029,1.986820474532469
RD,T5KEREXP,CO2e_DE,2030,2.0476506523284725
RD,T5KEREXP,CO2e_DE,2031,2.1028007627848067
RD,T5KEREXP,CO2e_DE,2032,2.1579508732411403
RD,T5KEREXP,CO2e_DE,2033,2.213100983697474
RD,T5KEREXP,CO2e_DE,2034,2.268251094153808
RD,T5KEREXP,CO2e_DE,2035,2.3234012046101418
RD,T5KEREXP,CO2e_DE,2036,2.3785513150664754
RD,T5KEREXP,CO2e_DE,2037,2.43370142552281
RD,T5KEREXP,CO2e_DE,2038,2.488851535979144
RD,T5KEREXP,CO2e_DE,2039,2.5440016464354773
RD,T5KEREXP,CO2e_DE,2040,2.599151756891811
RD,T5KEREXP,CO2e_DE,2041,2.6404489182332243
RD,T5KEREXP,CO2e_DE,2042,2.681746079574638
RD,T5KEREXP,CO2e_DE,2043,2.7230432409160583
RD,T5KEREXP,CO2e_DE,2044,2.764340402257472
RD,T5KEREXP,CO2e_DE,2045,2.8056375635988844
RD,T5KEREXP,CO2e_DE,2046,2.8469347249402976
RD,T5KEREXP,CO2e_DE,2047,2.888231886281711
RD,T5KEREXP,CO2e_DE,2048,2.929529047623132
RD,T5KEREXP,CO2e_DE,2049,2.970826208964545
RD,T5KEREXP,CO2e_DE,2050,3.012123370305958
RD,T5DSLAGR,CO2e_DE,2018,0.2128448399999999
RD,T5DSLAGR,CO2e_DE,2019,0.2451524399999999
RD,T5DSLAGR,CO2e_DE,2020,0.2114072999999999
RD,T5DSLAGR,CO2e_DE,2021,0.2406471599999999
RD,T5DSLAGR,CO2e_DE,2022,0.22458228
RD,T5DSLAGR,CO2e_DE,2023,0.23675691
RD,T5DSLAGR,CO2e_DE,2024,0.2453821499999999
RD,T5DSLAGR,CO2e_DE,2025,0.25405185
RD,T5DSLAGR,CO2e_DE,2026,0.2595797099999999
RD,T5DSLAGR,CO2e_DE,2027,0.26510757
RD,T5DSLAGR,CO2e_DE,2028,0.27063543
RD,T5DSLAGR,CO2e_DE,2029,0.27616329
RD,T5DSLAGR,CO2e_DE,2030,0.2816985599999999
RD,T5DSLAGR,CO2e_DE,2031,0.2852701799999999
RD,T5DSLAGR,CO2e_DE,2032,0.2888417999999999
RD,T5DSLAGR,CO2e_DE,2033,0.29241342
RD,T5DSLAGR,CO2e_DE,2034,0.2959850399999999
RD,T5DSLAGR,CO2e_DE,2035,0.29955666
RD,T5DSLAGR,CO2e_DE,2036,0.3031282799999999
RD,T5DSLAGR,CO2e_DE,2037,0.3066999
RD,T5DSLAGR,CO2e_DE,2038,0.3102715199999999
RD,T5DSLAGR,CO2e_DE,2039,0.31384314
RD,T5DSLAGR,CO2e_DE,2040,0.3174147599999999
RD,T5DSLAGR,CO2e_DE,2041,0.3158142
RD,T5DSLAGR,CO2e_DE,2042,0.31422105
RD,T5DSLAGR,CO2e_DE,2043,0.3126279
RD,T5DSLAGR,CO2e_DE,2044,0.3110273399999999
RD,T5DSLAGR,CO2e_DE,2045,0.30943419
RD,T5DSLAGR,CO2e_DE,2046,0.30783363
RD,T5DSLAGR,CO2e_DE,2047,0.3062404799999999
RD,T5DSLAGR,CO2e_DE,2048,0.3046473299999999
RD,T5DSLAGR,CO2e_DE,2049,0.3030467699999999
RD,T5DSLAGR,CO2e_DE,2050,0.3014536199999999
RD,T4DSL_PRI,CO2e,2018,0.281958585792
RD,T4DSL_PRI,CO2e,2019,0.2947111943099999
RD,T4DSL_PRI,CO2e,2020,0.341524404312
RD,T4DSL_PRI,CO2e,2021,0.340583343204
RD,T4DSL_PRI,CO2e,2022,0.3593497624859999
RD,T4DSL_PRI,CO2e,2023,0.378798198168
RD,T4DSL_PRI,CO2e,2024,0.398911279728
RD,T4DSL_PRI,CO2e,2025,0.4140381456119999
RD,T4DSL_PRI,CO2e,2026,0.424668158889
RD,T4DSL_PRI,CO2e,2027,0.4388491775459998
RD,T4DSL_PRI,CO2e,2028,0.4516354778519999
RD,T4DSL_PRI,CO2e,2029,0.4619940117
RD,T4DSL_PRI,CO2e,2030,0.4693648216919999
RD,T4DSL_PRI,CO2e,2031,0.4728293812709999
RD,T4DSL_PRI,CO2e,2032,0.4719673337339999
RD,T4DSL_PRI,CO2e,2033,0.4669514736119999
RD,T4DSL_PRI,CO2e,2034,0.45838301496
RD,T4DSL_PRI,CO2e,2035,0.4496279680619998
RD,T4DSL_PRI,CO2e,2036,0.4388337462209999
RD,T4DSL_PRI,CO2e,2037,0.4309974956039999
RD,T4DSL_PRI,CO2e,2038,0.425808639399
RD,T4DSL_PRI,CO2e,2039,0.423476418222
RD,T4DSL_PRI,CO2e,2040,0.4239586032239999
RD,T4DSL_PRI,CO2e,2041,0.426630617361
RD,T4DSL_PRI,CO2e,2042,0.431144014275
RD,T4DSL_PRI,CO2e,2043,0.43713306156
RD,T4DSL_PRI,CO2e,2044,0.44416576659
RD,T4DSL_PRI,CO2e,2045,0.4518238652459999
RD,T4DSL_PRI,CO2e,2046,0.4599540231389999
RD,T4DSL_PRI,CO2e,2047,0.4684448316599999
RD,T4DSL_PRI,CO2e,2048,0.477014215821
RD,T4DSL_PRI,CO2e,2049,0.4855528395899999
RD,T4DSL_PRI,CO2e,2050,0.4939145251559999
RD,T4GSL_PRI,CO2e,2018,4.643907439941
RD,T4GSL_PRI,CO2e,2019,5.1298235704485
RD,T4GSL_PRI,CO2e,2020,5.598328068679501
RD,T4GSL_PRI,CO2e,2021,5.927587682593499
RD,T4GSL_PRI,CO2e,2022,6.253778076083999
RD,T4GSL_PRI,CO2e,2023,6.591945397652999
RD,T4GSL_PRI,CO2e,2024,6.9420083337989995
RD,T4GSL_PRI,CO2e,2025,7.011389082852
RD,T4GSL_PRI,CO2e,2026,7.261974056105998
RD,T4GSL_PRI,CO2e,2027,7.505506579725
RD,T4GSL_PRI,CO2e,2028,7.722550925397
RD,T4GSL_PRI,CO2e,2029,7.9014160071
RD,T4GSL_PRI,CO2e,2030,8.027130530034
RD,T4GSL_PRI,CO2e,2031,8.086791832118998
RD,T4GSL_PRI,CO2e,2032,8.07145874073
RD,T4GSL_PRI,CO2e,2033,7.983808876890001
RD,T4GSL_PRI,CO2e,2034,7.841265572401983
RD,T4GSL_PRI,CO2e,2035,7.668903863313
RD,T4GSL_PRI,CO2e,2036,7.506434271105
RD,T4GSL_PRI,CO2e,2037,7.372430331651001
RD,T4GSL_PRI,CO2e,2038,7.283639302632
RD,T4GSL_PRI,CO2e,2039,7.244347581702
RD,T4GSL_PRI,CO2e,2040,7.2514650941448995
RD,T4GSL_PRI,CO2e,2041,7.297874798247839
RD,T4GSL_PRI,CO2e,2042,7.376140970552621
RD,T4GSL_PRI,CO2e,2043,7.478324440327366
RD,T4GSL_PRI,CO2e,2044,7.598389749301437
RD,T4GSL_PRI,CO2e,2045,7.73050511100589
RD,T4GSL_PRI,CO2e,2046,7.8708176870742275
RD,T4GSL_PRI,CO2e,2047,8.015416691568921
RD,T4GSL_PRI,CO2e,2048,8.162152723416849
RD,T4GSL_PRI,CO2e,2049,8.466005607993766
RD,T4GSL_PRI,CO2e,2050,8.61287403236363
RD,T4LPG_PRI,CO2e,2018,0.6538755168000001
RD,T4LPG_PRI,CO2e,2019,0.6824363436
RD,T4LPG_PRI,CO2e,2020,0.7467544259999999
RD,T4LPG_PRI,CO2e,2021,0.7885711746
RD,T4LPG_PRI,CO2e,2022,0.8319746358
RD,T4LPG_PRI,CO2e,2023,0.876939822
RD,T4LPG_PRI,CO2e,2024,0.9235167084
RD,T4LPG_PRI,CO2e,2025,0.9586117926
RD,T4LPG_PRI,CO2e,2026,0.983256365856
RD,T4LPG_PRI,CO2e,2027,1.01612937977
RD,T4LPG_PRI,CO2e,2028,1.045552734352
RD,T4LPG_PRI,CO2e,2029,1.069688273598
RD,T4LPG_PRI,CO2e,2030,1.086725101966
RD,T4LPG_PRI,CO2e,2031,1.0947383993880002
RD,T4LPG_PRI,CO2e,2032,1.09268213571
RD,T4LPG_PRI,CO2e,2033,1.080958331128
RD,T4LPG_PRI,CO2e,2034,1.061430616378
RD,T4LPG_PRI,CO2e,2035,1.0395713862850002
RD,T4LPG_PRI,CO2e,2036,1.016068966568
RD,T4LPG_PRI,CO2e,2037,0.997846121958
RD,T4LPG_PRI,CO2e,2038,0.985835016135
RD,T4LPG_PRI,CO2e,2039,0.9804696445890002
RD,T4LPG_PRI,CO2e,2040,0.981434352094
RD,T4LPG_PRI,CO2e,2041,0.987659049728
RD,T4LPG_PRI,CO2e,2042,0.998256554015
RD,T4LPG_PRI,CO2e,2043,1.0120332199229998
RD,T4LPG_PRI,CO2e,2044,1.028240709216
RD,T4LPG_PRI,CO2e,2045,1.04606065023
RD,T4LPG_PRI,CO2e,2046,1.065021296007
RD,T4LPG_PRI,CO2e,2047,1.084548720497
RD,T4LPG_PRI,CO2e,2048,1.104367518702
RD,T4LPG_PRI,CO2e,2049,1.1241103464000002
RD,T4LPG_PRI,CO2e,2050,1.143643352085
RD,T4GSL_PUB,CO2e,2018,0.03115142415
RD,T4GSL_PUB,CO2e,2019,0.032337188037
RD,T4GSL_PUB,CO2e,2020,0.0353719396799999
RD,T4GSL_PUB,CO2e,2021,0.037361611287
RD,T4GSL_PUB,CO2e,2022,0.0394115759729999
RD,T4GSL_PUB,CO2e,2023,0.041562029124
RD,T4GSL_PUB,CO2e,2024,0.043772775354
RD,T4GSL_PUB,CO2e,2025,0.046686940839
RD,T4GSL_PUB,CO2e,2026,0.048528716544
RD,T4GSL_PUB,CO2e,2027,0.0510704326439999
RD,T4GSL_PUB,CO2e,2028,0.053984946015
RD,T4GSL_PUB,CO2e,2029,0.057339626652
RD,T4GSL_PUB,CO2e,2030,0.06131751318
RD,T4GSL_PUB,CO2e,2031,0.066035818233
RD,T4GSL_PUB,CO2e,2032,0.0715955625
RD,T4GSL_PUB,CO2e,2033,0.077917050288
RD,T4GSL_PUB,CO2e,2034,0.08481166848
RD,T4GSL_PUB,CO2e,2035,0.091943259408
RD,T4GSL_PUB,CO2e,2036,0.098902784673
RD,T4GSL_PUB,CO2e,2037,0.1054311710759999
RD,T4GSL_PUB,CO2e,2038,0.111408119361
RD,T4GSL_PUB,CO2e,2039,0.116821394613
RD,T4GSL_PUB,CO2e,2040,0.121672540836
RD,T4GSL_PUB,CO2e,2041,0.126182108745
RD,T4GSL_PUB,CO2e,2042,0.13030315452
RD,T4GSL_PUB,CO2e,2043,0.13417778682
RD,T4GSL_PUB,CO2e,2044,0.137837677824
RD,T4GSL_PUB,CO2e,2045,0.1413672820559999
RD,T4GSL_PUB,CO2e,2046,0.144733727061
RD,T4GSL_PUB,CO2e,2047,0.147983924781
RD,T4GSL_PUB,CO2e,2048,0.151097075514
RD,T4GSL_PUB,CO2e,2049,0.154118981016
RD,T4GSL_PUB,CO2e,2050,0.15700054986
RD,T4LPG_PUB,CO2e,2018,0.3072134556
RD,T4LPG_PUB,CO2e,2019,0.4423351861687272
RD,T4LPG_PUB,CO2e,2020,0.4839557015348811
RD,T4LPG_PUB,CO2e,2021,0.5110419236604195
RD,T4LPG_PUB,CO2e,2022,0.5105238301230767
RD,T4LPG_PUB,CO2e,2023,0.5092413209815945
RD,T4LPG_PUB,CO2e,2024,0.5013187373815944
RD,T4LPG_PUB,CO2e,2025,0.4936435057815946
RD,T4LPG_PUB,CO2e,2026,0.4825876055057039
RD,T4LPG_PUB,CO2e,2027,0.509228236017133
RD,T4LPG_PUB,CO2e,2028,0.5394684196604903
RD,T4LPG_PUB,CO2e,2029,0.5745347936093691
RD,T4LPG_PUB,CO2e,2030,0.6157277195734912
RD,T4LPG_PUB,CO2e,2031,0.6647605942525505
RD,T4LPG_PUB,CO2e,2032,0.7223502709557473
RD,T4LPG_PUB,CO2e,2033,0.7880005723533697
RD,T4LPG_PUB,CO2e,2034,0.8594122700947894
RD,T4LPG_PUB,CO2e,2035,0.9331326533964408
RD,T4LPG_PUB,CO2e,2036,1.0052878160246814
RD,T4LPG_PUB,CO2e,2037,1.0729450843317998
RD,T4LPG_PUB,CO2e,2038,1.1345571328803197
RD,T4LPG_PUB,CO2e,2039,1.190255958012471
RD,T4LPG_PUB,CO2e,2040,1.2404515447867583
RD,T4LPG_PUB,CO2e,2041,1.2945327103357265
RD,T4LPG_PUB,CO2e,2042,1.3492620894604348
RD,T4LPG_PUB,CO2e,2043,1.3887430719638545
RD,T4LPG_PUB,CO2e,2044,1.426209208534852
RD,T4LPG_PUB,CO2e,2045,1.4619417225146822
RD,T4LPG_PUB,CO2e,2046,1.496357700802362
RD,T4LPG_PUB,CO2e,2047,1.5291348314808648
RD,T4LPG_PUB,CO2e,2048,1.5609785564620602
RD,T4LPG_PUB,CO2e,2049,1.5914909632174783
RD,T4LPG_PUB,CO2e,2050,1.6208553204987612
RD,T4DSL_PUB,CO2e,2018,0.9616433640839998
RD,T4DSL_PUB,CO2e,2019,0.9802940762159998
RD,T4DSL_PUB,CO2e,2020,1.072788846948
RD,T4DSL_PUB,CO2e,2021,1.13289255144
RD,T4DSL_PUB,CO2e,2022,1.2239990675640002
RD,T4DSL_PUB,CO2e,2023,1.31907449232
RD,T4DSL_PUB,CO2e,2024,1.4255377081287872
RD,T4DSL_PUB,CO2e,2025,1.415468067156
RD,T4DSL_PUB,CO2e,2026,1.470184402284
RD,T4DSL_PUB,CO2e,2027,1.547800207941
RD,T4DSL_PUB,CO2e,2028,1.635394535229
RD,T4DSL_PUB,CO2e,2029,1.736807498088
RD,T4DSL_PUB,CO2e,2030,1.856666283615
RD,T4DSL_PUB,CO2e,2031,1.998970391886
RD,T4DSL_PUB,CO2e,2032,2.16639231276
RD,T4DSL_PUB,CO2e,2033,2.3571655667040003
RD,T4DSL_PUB,CO2e,2034,2.5650436600619995
RD,T4DSL_PUB,CO2e,2035,2.779581644307
RD,T4DSL_PUB,CO2e,2036,2.989385098713
RD,T4DSL_PUB,CO2e,2037,3.186175288218001
RD,T4DSL_PUB,CO2e,2038,3.36574528017
RD,T4DSL_PUB,CO2e,2039,3.5277230310660004
RD,T4DSL_PUB,CO2e,2040,3.674398267215
RD,T4DSL_PUB,CO2e,2041,3.808024093965
RD,T4DSL_PUB,CO2e,2042,3.9317480088510006
RD,T4DSL_PUB,CO2e,2043,4.0477142724720006
RD,T4DSL_PUB,CO2e,2044,4.157543780832
RD,T4DSL_PUB,CO2e,2045,4.262289168891
RD,T4DSL_PUB,CO2e,2046,4.362612149648999
RD,T4DSL_PUB,CO2e,2047,4.45937552424
RD,T4DSL_PUB,CO2e,2048,4.552431895908001
RD,T4DSL_PUB,CO2e,2049,4.642073498751
RD,T4DSL_PUB,CO2e,2050,4.728037527486
RD,T4DSL_TUR,CO2e,2018,0.2423677145759999
RD,T4DSL_TUR,CO2e,2019,0.2406450763079999
RD,T4DSL_TUR,CO2e,2020,0.263338963056
RD,T4DSL_TUR,CO2e,2021,0.2780188369919999
RD,T4DSL_TUR,CO2e,2022,0.2933727867719999
RD,T4DSL_TUR,CO2e,2023,0.3092510177639999
RD,T4DSL_TUR,CO2e,2024,0.3383179852189091
RD,T4DSL_TUR,CO2e,2025,0.3426552207
RD,T4DSL_TUR,CO2e,2026,0.3534440784419999
RD,T4DSL_TUR,CO2e,2027,0.36839458929
RD,T4DSL_TUR,CO2e,2028,0.3835347805769999
RD,T4DSL_TUR,CO2e,2029,0.398851500294
RD,T4DSL_TUR,CO2e,2030,0.4144753089359999
RD,T4DSL_TUR,CO2e,2031,0.4302583036439999
RD,T4DSL_TUR,CO2e,2032,0.4461867922199999
RD,T4DSL_TUR,CO2e,2033,0.4621756789649999
RD,T4DSL_TUR,CO2e,2034,0.4784366720249999
RD,T4DSL_TUR,CO2e,2035,0.494674104249
RD,T4DSL_TUR,CO2e,2036,0.51094507932
RD,T4DSL_TUR,CO2e,2037,0.5272523256
RD,T4DSL_TUR,CO2e,2038,0.5435825473259999
RD,T4DSL_TUR,CO2e,2039,0.559921563981
RD,T4DSL_TUR,CO2e,2040,0.576005956734
RD,T4DSL_TUR,CO2e,2041,0.5920271925749999
RD,T4DSL_TUR,CO2e,2042,0.6079062068039999
RD,T4DSL_TUR,CO2e,2043,0.6235211160359999
RD,T4DSL_TUR,CO2e,2044,0.639057885336
RD,T4DSL_TUR,CO2e,2045,0.654309963177
RD,T4DSL_TUR,CO2e,2046,0.6690359843699998
RD,T4DSL_TUR,CO2e,2047,0.68361218055
RD,T4DSL_TUR,CO2e,2048,0.6977125406159999
RD,T4DSL_TUR,CO2e,2049,0.71135656176
RD,T4DSL_TUR,CO2e,2050,0.7246009453019999
RD,T4LPG_TUR,CO2e,2018,0.0868195423999999
RD,T4LPG_TUR,CO2e,2019,0.1217148343496502
RD,T4LPG_TUR,CO2e,2020,0.1332025856
RD,T4LPG_TUR,CO2e,2021,0.1406811799496503
RD,T4LPG_TUR,CO2e,2022,0.148350624
RD,T4LPG_TUR,CO2e,2023,0.1563781301034963
RD,T4LPG_TUR,CO2e,2024,0.1541247029034963
RD,T4LPG_TUR,CO2e,2025,0.1519964661034964
RD,T4LPG_TUR,CO2e,2026,0.1487970944791397
RD,T4LPG_TUR,CO2e,2027,0.1574741843949948
RD,T4LPG_TUR,CO2e,2028,0.1663545627902345
RD,T4LPG_TUR,CO2e,2029,0.1754281680533441
RD,T4LPG_TUR,CO2e,2030,0.1846329717643939
RD,T4LPG_TUR,CO2e,2031,0.1938293441082944
RD,T4LPG_TUR,CO2e,2032,0.2033730602812736
RD,T4LPG_TUR,CO2e,2033,0.2129116589887314
RD,T4LPG_TUR,CO2e,2034,0.2225207186038926
RD,T4LPG_TUR,CO2e,2035,0.2321723738579524
RD,T4LPG_TUR,CO2e,2036,0.2420551759010064
RD,T4LPG_TUR,CO2e,2037,0.2518951912432048
RD,T4LPG_TUR,CO2e,2038,0.2616912309028879
RD,T4LPG_TUR,CO2e,2039,0.2716209013808068
RD,T4LPG_TUR,CO2e,2040,0.2813970549545346
RD,T4LPG_TUR,CO2e,2041,0.3101941771887072
RD,T4LPG_TUR,CO2e,2042,0.3379330593898616
RD,T4LPG_TUR,CO2e,2043,0.3473847163853051
RD,T4LPG_TUR,CO2e,2044,0.356594471019283
RD,T4LPG_TUR,CO2e,2045,0.3656450424749618
RD,T4LPG_TUR,CO2e,2046,0.3748278998618799
RD,T4LPG_TUR,CO2e,2047,0.3837223346184708
RD,T4LPG_TUR,CO2e,2048,0.3923547949568607
RD,T4LPG_TUR,CO2e,2049,0.4008766884110807
RD,T4LPG_TUR,CO2e,2050,0.4090868032398817
RD,T4DSL_HEA,CO2e,2018,0.71910219771
RD,T4DSL_HEA,CO2e,2019,0.7633590585358064
RD,T4DSL_HEA,CO2e,2020,0.8062321886303225
RD,T4DSL_HEA,CO2e,2021,0.8379789318256449
RD,T4DSL_HEA,CO2e,2022,0.8708400732870968
RD,T4DSL_HEA,CO2e,2023,0.9048097477606452
RD,T4DSL_HEA,CO2e,2024,0.9400932391374196
RD,T4DSL_HEA,CO2e,2025,0.92895488712
RD,T4DSL_HEA,CO2e,2026,0.95598324744
RD,T4DSL_HEA,CO2e,2027,0.984645091872
RD,T4DSL_HEA,CO2e,2028,1.013891470449
RD,T4DSL_HEA,CO2e,2029,1.04394197778
RD,T4DSL_HEA,CO2e,2030,1.0745778039750002
RD,T4DSL_HEA,CO2e,2031,1.1060112188580002
RD,T4DSL_HEA,CO2e,2032,1.138112680068
RD,T4DSL_HEA,CO2e,2033,1.171026660375
RD,T4DSL_HEA,CO2e,2034,1.204645076037
RD,T4DSL_HEA,CO2e,2035,1.2389656862699998
RD,T4DSL_HEA,CO2e,2036,1.2740641923749998
RD,T4DSL_HEA,CO2e,2037,1.30990692924
RD,T4DSL_HEA,CO2e,2038,1.346562177792
RD,T4DSL_HEA,CO2e,2039,1.383908658561
RD,T4DSL_HEA,CO2e,2040,1.422247124922
RD,T4DSL_HEA,CO2e,2041,1.46124563481
RD,T4DSL_HEA,CO2e,2042,1.501022291769
RD,T4DSL_HEA,CO2e,2043,1.541632855308
RD,T4DSL_HEA,CO2e,2044,1.5830179691039998
RD,T4DSL_HEA,CO2e,2045,1.625171589561
RD,T4DSL_HEA,CO2e,2046,1.668260713626
RD,T4DSL_HEA,CO2e,2047,1.7121079851720002
RD,T4DSL_HEA,CO2e,2048,1.756779315408
RD,T4DSL_HEA,CO2e,2049,1.802095330464
RD,T4DSL_HEA,CO2e,2050,1.848491041059
RD,T4DSL_HEA,Health,2018,0.076882893956271
RD,T4DSL_HEA,Health,2019,0.08161462130816
RD,T4DSL_HEA,Health,2020,0.0861984069301856
RD,T4DSL_HEA,Health,2021,0.0895926136205777
RD,T4DSL_HEA,Health,2022,0.0931059663294254
RD,T4DSL_HEA,Health,2023,0.0967378379724212
RD,T4DSL_HEA,Health,2024,0.1005101765003331
RD,T4DSL_HEA,Health,2025,0.099319318316712
RD,T4DSL_HEA,Health,2026,0.102209058560744
RD,T4DSL_HEA,Health,2027,0.1052734429459872
RD,T4DSL_HEA,Health,2028,0.1084003228663948
RD,T4DSL_HEA,Health,2029,0.1116131763047779
RD,T4DSL_HEA,Health,2030,0.1148886091766475
RD,T4DSL_HEA,Health,2031,0.1182493163345858
RD,T4DSL_HEA,Health,2032,0.1216814477422067
RD,T4DSL_HEA,Health,2033,0.1252004497222875
RD,T4DSL_HEA,Health,2034,0.1287947664891536
RD,T4DSL_HEA,Health,2035,0.1324641584691269
RD,T4DSL_HEA,Health,2036,0.1362167192754874
RD,T4DSL_HEA,Health,2037,0.140048849598924
RD,T4DSL_HEA,Health,2038,0.1439678497025792
RD,T4DSL_HEA,Health,2039,0.147960752978006
RD,T4DSL_HEA,Health,2040,0.1520597145067922
RD,T4DSL_HEA,Health,2041,0.156229244664981
RD,T4DSL_HEA,Health,2042,0.1604819705065268
RD,T4DSL_HEA,Health,2043,0.1648238535657307
RD,T4DSL_HEA,Health,2044,0.1692485477545104
RD,T4DSL_HEA,Health,2045,0.173755406921106
RD,T4DSL_HEA,Health,2046,0.1783622855632625
RD,T4DSL_HEA,Health,2047,0.1830502216303172
RD,T4DSL_HEA,Health,2048,0.1878262620267408
RD,T4DSL_HEA,Health,2049,0.1926712289746464
RD,T4DSL_HEA,Health,2050,0.1976316316949558
RD,T4GSL_HEA,CO2e,2018,0.0002328479999999
RD,T4GSL_HEA,CO2e,2019,0.000237006
RD,T4GSL_HEA,CO2e,2020,0.00024948
RD,T4GSL_HEA,CO2e,2021,0.000259875
RD,T4GSL_HEA,CO2e,2022,0.0002702699999999
RD,T4GSL_HEA,CO2e,2023,0.0002806649999999
RD,T4GSL_HEA,CO2e,2024,0.0002910599999999
RD,T4GSL_HEA,CO2e,2025,0.000301455
RD,T4GSL_HEA,CO2e,2026,0.0003096670499999
RD,T4GSL_HEA,CO2e,2027,0.000319675356
RD,T4GSL_HEA,CO2e,2028,0.000329612976
RD,T4GSL_HEA,CO2e,2029,0.0003392595359999
RD,T4GSL_HEA,CO2e,2030,0.0003488437259999
RD,T4GSL_HEA,CO2e,2031,0.000360118143
RD,T4GSL_HEA,CO2e,2032,0.0003713093999999
RD,T4GSL_HEA,CO2e,2033,0.000380201976
RD,T4GSL_HEA,CO2e,2034,0.0003909954509999
RD,T4GSL_HEA,CO2e,2035,0.0004015851839999
RD,T4GSL_HEA,CO2e,2036,0.0004137376319999
RD,T4GSL_HEA,CO2e,2037,0.000425801376
RD,T4GSL_HEA,CO2e,2038,0.000437471496
RD,T4GSL_HEA,CO2e,2039,0.000449064
RD,T4GSL_HEA,CO2e,2040,0.0004621076459999
RD,T4GSL_HEA,CO2e,2041,0.000473214357
RD,T4GSL_HEA,CO2e,2042,0.0004877417159999
RD,T4GSL_HEA,CO2e,2043,0.000499974552
RD,T4GSL_HEA,CO2e,2044,0.0005139274139999
RD,T4GSL_HEA,CO2e,2045,0.000527384088
RD,T4GSL_HEA,CO2e,2046,0.00054251505
RD,T4GSL_HEA,CO2e,2047,0.0005553535679999
RD,T4GSL_HEA,CO2e,2048,0.0005698511279999
RD,T4GSL_HEA,CO2e,2049,0.0005855157
RD,T4GSL_HEA,CO2e,2050,0.000601058304
RD,T4LPG_HEA,CO2e,2018,0.0063093830222221
RD,T4LPG_HEA,CO2e,2019,0.011992786
RD,T4LPG_HEA,CO2e,2020,0.0117696644
RD,T4LPG_HEA,CO2e,2021,0.0116023232
RD,T4LPG_HEA,CO2e,2022,0.011434982
RD,T4LPG_HEA,CO2e,2023,0.0112676408
RD,T4LPG_HEA,CO2e,2024,0.0111002996
RD,T4LPG_HEA,CO2e,2025,0.0109887388
RD,T4LPG_HEA,CO2e,2026,0.010744031952
RD,T4LPG_HEA,CO2e,2027,0.010501838377
RD,T4LPG_HEA,CO2e,2028,0.010316499795
RD,T4LPG_HEA,CO2e,2029,0.010078570518
RD,T4LPG_HEA,CO2e,2030,0.0098968210639999
RD,T4LPG_HEA,CO2e,2031,0.00966339271
RD,T4LPG_HEA,CO2e,2032,0.009962142184
RD,T4LPG_HEA,CO2e,2033,0.010202717244
RD,T4LPG_HEA,CO2e,2034,0.0125237762498138
RD,T4LPG_HEA,CO2e,2035,0.0148662845513979
RD,T4LPG_HEA,CO2e,2036,0.0172678099346884
RD,T4LPG_HEA,CO2e,2037,0.0197361229113799
RD,T4LPG_HEA,CO2e,2038,0.0221630108149676
RD,T4LPG_HEA,CO2e,2039,0.0248021376108245
RD,T4LPG_HEA,CO2e,2040,0.0272938280858494
RD,T4LPG_HEA,CO2e,2041,0.0299423685060932
RD,T4LPG_HEA,CO2e,2042,0.0680754661202868
RD,T4LPG_HEA,CO2e,2043,0.0731154356365913
RD,T4LPG_HEA,CO2e,2044,0.0724673387594407
RD,T4LPG_HEA,CO2e,2045,0.0717722317512902
RD,T4LPG_HEA,CO2e,2046,0.0711261288341397
RD,T4LPG_HEA,CO2e,2047,0.0704347587776128
RD,T4LPG_HEA,CO2e,2048,0.0697906491894622
RD,T4LPG_HEA,CO2e,2049,0.0687314185833117
RD,T4LPG_HEA,CO2e,2050,0.0676801638171612
RD,T4NGS_HEA,CO2e,2044,0.000930151821914
RD,T4NGS_HEA,CO2e,2045,0.0018728085751183
RD,T4NGS_HEA,CO2e,2046,0.0027892156517205
RD,T4NGS_HEA,CO2e,2047,0.003740653028129
RD,T4NGS_HEA,CO2e,2048,0.0046541778355269
RD,T4NGS_HEA,CO2e,2049,0.0055729881758065
RD,T4NGS_HEA,CO2e,2050,0.0064769250186666
RD,T4DSL_LIG,CO2e,2018,1.326901367064
RD,T4DSL_LIG,CO2e,2019,1.347020111346
RD,T4DSL_LIG,CO2e,2020,1.4604702616844525
RD,T4DSL_LIG,CO2e,2021,1.497185497708194
RD,T4DSL_LIG,CO2e,2022,1.5862775937630322
RD,T4DSL_LIG,CO2e,2023,1.6778410669783228
RD,T4DSL_LIG,CO2e,2024,1.747275785892
RD,T4DSL_LIG,CO2e,2025,1.714111508382
RD,T4DSL_LIG,CO2e,2026,1.782930191679
RD,T4DSL_LIG,CO2e,2027,1.843208729193
RD,T4DSL_LIG,CO2e,2028,1.905412444728
RD,T4DSL_LIG,CO2e,2029,1.96956134232
RD,T4DSL_LIG,CO2e,2030,2.035773630735
RD,T4DSL_LIG,CO2e,2031,2.103999310257
RD,T4DSL_LIG,CO2e,2032,2.174411995704
RD,T4DSL_LIG,CO2e,2033,2.247034546926
RD,T4DSL_LIG,CO2e,2034,2.3218236376529995
RD,T4DSL_LIG,CO2e,2035,2.3990327009999994
RD,T4DSL_LIG,CO2e,2036,2.4785653439820003
RD,T4DSL_LIG,CO2e,2037,2.560524223257
RD,T4DSL_LIG,CO2e,2038,2.644970139357
RD,T4DSL_LIG,CO2e,2039,2.732058165798
RD,T4DSL_LIG,CO2e,2040,2.8218093299370004
RD,T4DSL_LIG,CO2e,2041,2.91420081342
RD,T4DSL_LIG,CO2e,2042,3.00944225478
RD,T4DSL_LIG,CO2e,2043,3.1074318873
RD,T4DSL_LIG,CO2e,2044,3.2084546462280006
RD,T4DSL_LIG,CO2e,2045,3.312380427525
RD,T4DSL_LIG,CO2e,2046,3.419519755392
RD,T4DSL_LIG,CO2e,2047,3.52966595085
RD,T4DSL_LIG,CO2e,2048,3.663552619599516
RD,T4DSL_LIG,CO2e,2049,3.801285220366065
RD,T4DSL_LIG,CO2e,2050,3.942791627038194
RD,T4GSL_LIG,CO2e,2018,0.6447143989439998
RD,T4GSL_LIG,CO2e,2019,0.654487029504
RD,T4GSL_LIG,CO2e,2020,0.6903200082239997
RD,T4GSL_LIG,CO2e,2021,0.7168767439679999
RD,T4GSL_LIG,CO2e,2022,0.744395230656
RD,T4GSL_LIG,CO2e,2023,0.7728754682879999
RD,T4GSL_LIG,CO2e,2024,0.8418546612108389
RD,T4GSL_LIG,CO2e,2025,0.8328452932799999
RD,T4GSL_LIG,CO2e,2026,0.866257695072
RD,T4GSL_LIG,CO2e,2027,0.8955864973439999
RD,T4GSL_LIG,CO2e,2028,0.9258263562239998
RD,T4GSL_LIG,CO2e,2029,0.956976140736
RD,T4GSL_LIG,CO2e,2030,0.98915349456
RD,T4GSL_LIG,CO2e,2031,1.022263770528
RD,T4GSL_LIG,CO2e,2032,1.056508814592
RD,T4GSL_LIG,CO2e,2033,1.0917582401880002
RD,T4GSL_LIG,CO2e,2034,1.1281860485280002
RD,T4GSL_LIG,CO2e,2035,1.165630467771
RD,T4GSL_LIG,CO2e,2036,1.204280930853
RD,T4GSL_LIG,CO2e,2037,1.244092864014
RD,T4GSL_LIG,CO2e,2038,1.285190545716
RD,T4GSL_LIG,CO2e,2039,1.3274416496880002
RD,T4GSL_LIG,CO2e,2040,1.371048892983
RD,T4GSL_LIG,CO2e,2041,1.415932241724
RD,T4GSL_LIG,CO2e,2042,1.4622033340530003
RD,T4GSL_LIG,CO2e,2043,1.50980628645
RD,T4GSL_LIG,CO2e,2044,1.558926518688
RD,T4GSL_LIG,CO2e,2045,1.609448980293
RD,T4GSL_LIG,CO2e,2046,1.661471338527
RD,T4GSL_LIG,CO2e,2047,1.71505295577
RD,T4GSL_LIG,CO2e,2048,1.77019380153
RD,T4GSL_LIG,CO2e,2049,1.82689272612
RD,T4GSL_LIG,CO2e,2050,1.88528239746
RD,T4LPG_LIG,CO2e,2018,0.2211446349333335
RD,T4LPG_LIG,CO2e,2019,0.2953875901333334
RD,T4LPG_LIG,CO2e,2020,0.2889559333333334
RD,T4LPG_LIG,CO2e,2021,0.3111718447999999
RD,T4LPG_LIG,CO2e,2022,0.3051157591999999
RD,T4LPG_LIG,CO2e,2023,0.2992474591999999
RD,T4LPG_LIG,CO2e,2024,0.2935512959999999
RD,T4LPG_LIG,CO2e,2025,0.2880272695999999
RD,T4LPG_LIG,CO2e,2026,0.297131749012
RD,T4LPG_LIG,CO2e,2027,0.307181933364
RD,T4LPG_LIG,CO2e,2028,0.317547920596
RD,T4LPG_LIG,CO2e,2029,0.328244283653
RD,T4LPG_LIG,CO2e,2030,0.339262489522
RD,T4LPG_LIG,CO2e,2031,0.350651058317
RD,T4LPG_LIG,CO2e,2032,0.362367010104
RD,T4LPG_LIG,CO2e,2033,0.3744575859600001
RD,T4LPG_LIG,CO2e,2034,0.386953515585
RD,T4LPG_LIG,CO2e,2035,0.3998258606879999
RD,T4LPG_LIG,CO2e,2036,0.4130568908
RD,T4LPG_LIG,CO2e,2037,0.426724837301
RD,T4LPG_LIG,CO2e,2038,0.440810784704
RD,T4LPG_LIG,CO2e,2039,0.455326816659
RD,T4LPG_LIG,CO2e,2040,0.470256180116
RD,T4LPG_LIG,CO2e,2041,0.485670889212
RD,T4LPG_LIG,CO2e,2042,0.501539833754
RD,T4LPG_LIG,CO2e,2043,0.5178782258900001
RD,T4LPG_LIG,CO2e,2044,0.534720728974
RD,T4LPG_LIG,CO2e,2045,0.552020597895
RD,T4LPG_LIG,CO2e,2046,0.569874440646
RD,T4LPG_LIG,CO2e,2047,0.5882480481930001
RD,T4LPG_LIG,CO2e,2048,0.607170943764
RD,T4LPG_LIG,CO2e,2049,0.6266144351580001
RD,T4LPG_LIG,CO2e,2050,0.64662633009
RD,PROD_CAL,CO2e,2018,1.274175
RD,PROD_CAL,CO2e,2019,1.407
RD,PROD_CAL,CO2e,2020,1.2557999999999998
RD,PROD_CAL,CO2e,2021,1.5496499999999995
RD,PROD_CAL,CO2e,2022,1.5597
RD,PROD_CAL,CO2e,2023,1.5924
RD,PROD_CAL,CO2e,2024,1.6515750000000002
RD,PROD_CAL,CO2e,2025,1.751173492400269
RD,PROD_CAL,CO2e,2026,1.7908671250867294
RD,PROD_CAL,CO2e,2027,1.830204890575676
RD,PROD_CAL,CO2e,2028,1.8690384680066183
RD,PROD_CAL,CO2e,2029,1.9074421857237536
RD,PROD_CAL,CO2e,2030,1.94541604372708
RD,PROD_CAL,CO2e,2031,1.982960042016596
RD,PROD_CAL,CO2e,2032,2.0201464939690954
RD,PROD_CAL,CO2e,2033,2.0568304370030965
RD,PROD_CAL,CO2e,2034,2.0930845203232886
RD,PROD_CAL,CO2e,2035,2.128908743929673
RD,PROD_CAL,CO2e,2036,2.1643740778874303
RD,PROD_CAL,CO2e,2037,2.1993382462382973
RD,PROD_CAL,CO2e,2038,2.233872554875356
RD,PROD_CAL,CO2e,2039,2.2679770037986065
RD,PROD_CAL,CO2e,2040,2.3016515930080454
RD,PROD_CAL,CO2e,2041,2.334965613429356
RD,PROD_CAL,CO2e,2042,2.367780147383281
RD,PROD_CAL,CO2e,2043,2.400164821623397
RD,PROD_CAL,CO2e,2044,2.4321196361497055
RD,PROD_CAL,CO2e,2045,2.463644590962203
RD,PROD_CAL,CO2e,2046,2.494807297847064
RD,PROD_CAL,CO2e,2047,2.5254721974040466
RD,PROD_CAL,CO2e,2048,2.555707237247221
RD,PROD_CAL,CO2e,2049,2.5855124173765875
RD,PROD_CAL,CO2e,2050,2.6148877377921416
RD,PROD_FERRO,CO2e,2018,0.0667759999999999
RD,PROD_FERRO,CO2e,2019,0.0737119999999999
RD,PROD_FERRO,CO2e,2020,0.0658239999999999
RD,PROD_FERRO,CO2e,2021,0.081192
RD,PROD_FERRO,CO2e,2022,0.0817359999999999
RD,PROD_FERRO,CO2e,2023,0.0835039999999999
RD,PROD_FERRO,CO2e,2024,0.086496
RD,PROD_FERRO,CO2e,2025,0.0917951197448872
RD,PROD_FERRO,CO2e,2026,0.0938083166443701
RD,PROD_FERRO,CO2e,2027,0.0959337637946652
RD,PROD_FERRO,CO2e,2028,0.0979025060354118
RD,PROD_FERRO,CO2e,2029,0.0999822805911155
RD,PROD_FERRO,CO2e,2030,0.1019065681731258
RD,PROD_FERRO,CO2e,2031,0.1039406701342366
RD,PROD_FERRO,CO2e,2032,0.1058205030575106
RD,PROD_FERRO,CO2e,2033,0.1078089324240294
RD,PROD_FERRO,CO2e,2034,0.109644310688567
RD,PROD_FERRO,CO2e,2035,0.1115870674604936
RD,PROD_FERRO,CO2e,2036,0.1133779910662949
RD,PROD_FERRO,CO2e,2037,0.1152750752436294
RD,PROD_FERRO,CO2e,2038,0.1170215441906953
RD,PROD_FERRO,CO2e,2039,0.1188729557734376
RD,PROD_FERRO,CO2e,2040,0.1205749700617663
RD,PROD_FERRO,CO2e,2041,0.1223807090499165
RD,PROD_FERRO,CO2e,2042,0.1240382686795088
RD,PROD_FERRO,CO2e,2043,0.1257983350730669
RD,PROD_FERRO,CO2e,2044,0.1274114400439229
RD,PROD_FERRO,CO2e,2045,0.1291258338428889
RD,PROD_FERRO,CO2e,2046,0.1306944841550086
RD,PROD_FERRO,CO2e,2047,0.1323632053593835
RD,PROD_FERRO,CO2e,2048,0.1338874010127668
RD,PROD_FERRO,CO2e,2049,0.1355104496225486
RD,PROD_FERRO,CO2e,2050,0.1369901906171956
RD,IWW,CO2e,2018,1.2641
RD,IWW,CO2e,2019,1.3385
RD,IWW,CO2e,2020,1.2486
RD,IWW,CO2e,2021,1.4551
RD,IWW,CO2e,2022,1.4744
RD,IWW,CO2e,2023,1.4701
RD,IWW,CO2e,2024,1.5111
RD,IWW,CO2e,2025,1.67250265114216
RD,IWW,CO2e,2026,1.79290530228433
RD,IWW,CO2e,2027,1.9133079534264896
RD,IWW,CO2e,2028,2.03371060456866
RD,IWW,CO2e,2029,2.15411325571082
RD,IWW,CO2e,2030,2.27451590685299
RD,IWW,CO2e,2031,2.39491855799515
RD,IWW,CO2e,2032,2.51532120913732
RD,IWW,CO2e,2033,2.63572386027948
RD,IWW,CO2e,2034,2.75612651142165
RD,IWW,CO2e,2035,2.87652916256381
RD,IWW,CO2e,2036,2.99693181370598
RD,IWW,CO2e,2037,3.11733446484814
RD,IWW,CO2e,2038,3.2377371159903094
RD,IWW,CO2e,2039,3.35813976713247
RD,IWW,CO2e,2040,3.47854241827464
RD,IWW,CO2e,2041,3.5989450694168
RD,IWW,CO2e,2042,3.71934772055897
RD,IWW,CO2e,2043,3.8397503717011294
RD,IWW,CO2e,2044,3.9601530228433
RD,IWW,CO2e,2045,4.08055567398546
RD,IWW,CO2e,2046,4.20095832512763
RD,IWW,CO2e,2047,4.32136097626979
RD,IWW,CO2e,2048,4.44176362741196
RD,IWW,CO2e,2049,4.56216627855412
RD,IWW,CO2e,2050,4.68256892969629
RD,R134a,CO2e,2018,1.186185
RD,R134a,CO2e,2019,1.221792
RD,R134a,CO2e,2020,1.2584
RD,R134a,CO2e,2021,1.296152
RD,R134a,CO2e,2022,1.335048
RD,R134a,CO2e,2023,1.375088
RD,R134a,CO2e,2024,1.416415
RD,R134a,CO2e,2025,1.243957
RD,R134a,CO2e,2026,1.217216
RD,R134a,CO2e,2027,1.190618
RD,R134a,CO2e,2028,1.1638769999999998
RD,R134a,CO2e,2029,1.137136
RD,R134a,CO2e,2030,1.1103949999999998
RD,R134a,CO2e,2031,1.083797
RD,R134a,CO2e,2032,1.057056
RD,R134a,CO2e,2033,1.030315
RD,R134a,CO2e,2034,1.003574
RD,R134a,CO2e,2035,0.976976
RD,R134a,CO2e,2036,0.950235
RD,R134a,CO2e,2037,0.923494
RD,R134a,CO2e,2038,0.8967529999999999
RD,R134a,CO2e,2039,0.870155
RD,R134a,CO2e,2040,0.843414
RD,R134a,CO2e,2041,0.816673
RD,R134a,CO2e,2042,0.7899319999999999
RD,R134a,CO2e,2043,0.763334
RD,R134a,CO2e,2044,0.7365929999999999
RD,R134a,CO2e,2045,0.7098519999999999
RD,R134a,CO2e,2046,0.683111
RD,R134a,CO2e,2047,0.656513
RD,R134a,CO2e,2048,0.629772
RD,R134a,CO2e,2049,0.6030309999999999
RD,R134a,CO2e,2050,0.5762899999999999
RD,R404A,CO2e,2018,0.4035738
RD,R404A,CO2e,2019,0.4157319999999999
RD,R404A,CO2e,2020,0.4282824
RD,R404A,CO2e,2021,0.441225
RD,R404A,CO2e,2022,0.4541676
RD,R404A,CO2e,2023,0.4678946
RD,R404A,CO2e,2024,0.4820137999999999
RD,R404A,CO2e,2025,0.4231838
RD,R404A,CO2e,2026,0.4141632
RD,R404A,CO2e,2027,0.4051426
RD,R404A,CO2e,2028,0.3957298
RD,R404A,CO2e,2029,0.3867091999999999
RD,R404A,CO2e,2030,0.3776885999999999
RD,R404A,CO2e,2031,0.368668
RD,R404A,CO2e,2032,0.3596474
RD,R404A,CO2e,2033,0.3506267999999999
RD,R404A,CO2e,2034,0.3416062
RD,R404A,CO2e,2035,0.3321934
RD,R404A,CO2e,2036,0.3231728
RD,R404A,CO2e,2037,0.3141522
RD,R404A,CO2e,2038,0.3051316
RD,R404A,CO2e,2039,0.296111
RD,R404A,CO2e,2040,0.2870904
RD,R404A,CO2e,2041,0.2780698
RD,R404A,CO2e,2042,0.268657
RD,R404A,CO2e,2043,0.2596363999999999
RD,R404A,CO2e,2044,0.2506158
RD,R404A,CO2e,2045,0.2415952
RD,R404A,CO2e,2046,0.2325745999999999
RD,R404A,CO2e,2047,0.223554
RD,R404A,CO2e,2048,0.2145334
RD,R404A,CO2e,2049,0.2051206
RD,R404A,CO2e,2050,0.1961
RD,R410A,CO2e,2018,0.1739304
RD,R410A,CO2e,2019,0.1791504
RD,R410A,CO2e,2020,0.1845792
RD,R410A,CO2e,2021,0.190008
RD,R410A,CO2e,2022,0.1956456
RD,R410A,CO2e,2023,0.201492
RD,R410A,CO2e,2024,0.2075472
RD,R410A,CO2e,2025,0.1822824
RD,R410A,CO2e,2026,0.178524
RD,R410A,CO2e,2027,0.1745567999999999
RD,R410A,CO2e,2028,0.1705896
RD,R410A,CO2e,2029,0.1666224
RD,R410A,CO2e,2030,0.162864
RD,R410A,CO2e,2031,0.1588968
RD,R410A,CO2e,2032,0.1549296
RD,R410A,CO2e,2033,0.1509624
RD,R410A,CO2e,2034,0.147204
RD,R410A,CO2e,2035,0.1432368
RD,R410A,CO2e,2036,0.1392695999999999
RD,R410A,CO2e,2037,0.1353023999999999
RD,R410A,CO2e,2038,0.1315439999999999
RD,R410A,CO2e,2039,0.1275768
RD,R410A,CO2e,2040,0.1236096
RD,R410A,CO2e,2041,0.1196424
RD,R410A,CO2e,2042,0.115884
RD,R410A,CO2e,2043,0.1119168
RD,R410A,CO2e,2044,0.1079496
RD,R410A,CO2e,2045,0.1039824
RD,R410A,CO2e,2046,0.100224
RD,R410A,CO2e,2047,0.0962568
RD,R410A,CO2e,2048,0.0922896
RD,R410A,CO2e,2049,0.0883223999999999
RD,R410A,CO2e,2050,0.084564
RD,SUB134a,CO2e,2025,0.0005085
RD,SUB134a,CO2e,2026,0.0008000999999999
RD,SUB134a,CO2e,2027,0.0010914
RD,SUB134a,CO2e,2028,0.0013826999999999
RD,SUB134a,CO2e,2029,0.0016743
RD,SUB134a,CO2e,2030,0.0019656
RD,SUB134a,CO2e,2031,0.0022569
RD,SUB134a,CO2e,2032,0.0025485
RD,SUB134a,CO2e,2033,0.0028398
RD,SUB134a,CO2e,2034,0.0031314
RD,SUB134a,CO2e,2035,0.0034227
RD,SUB134a,CO2e,2036,0.0037139999999999
RD,SUB134a,CO2e,2037,0.0040055999999999
RD,SUB134a,CO2e,2038,0.0042969
RD,SUB134a,CO2e,2039,0.0045881999999999
RD,SUB134a,CO2e,2040,0.0048798
RD,SUB134a,CO2e,2041,0.0051711
RD,SUB134a,CO2e,2042,0.0054624
RD,SUB134a,CO2e,2043,0.005754
RD,SUB134a,CO2e,2044,0.0060453
RD,SUB134a,CO2e,2045,0.0063366
RD,SUB134a,CO2e,2046,0.0066281999999999
RD,SUB134a,CO2e,2047,0.0069194999999999
RD,SUB134a,CO2e,2048,0.0072107999999999
RD,SUB134a,CO2e,2049,0.0075024
RD,SUB134a,CO2e,2050,0.0077937
RD,SUB404A,CO2e,2025,8.22e-05
RD,SUB404A,CO2e,2026,0.0001289999999999
RD,SUB404A,CO2e,2027,0.0001761
RD,SUB404A,CO2e,2028,0.0002231999999999
RD,SUB404A,CO2e,2029,0.00027
RD,SUB404A,CO2e,2030,0.0003171
RD,SUB404A,CO2e,2031,0.0003642
RD,SUB404A,CO2e,2032,0.000411
RD,SUB404A,CO2e,2033,0.0004581
RD,SUB404A,CO2e,2034,0.0005052
RD,SUB404A,CO2e,2035,0.0005519999999999
RD,SUB404A,CO2e,2036,0.0005990999999999
RD,SUB404A,CO2e,2037,0.0006461999999999
RD,SUB404A,CO2e,2038,0.000693
RD,SUB404A,CO2e,2039,0.0007401
RD,SUB404A,CO2e,2040,0.0007872
RD,SUB404A,CO2e,2041,0.000834
RD,SUB404A,CO2e,2042,0.0008811
RD,SUB404A,CO2e,2043,0.0009279
RD,SUB404A,CO2e,2044,0.000975
RD,SUB404A,CO2e,2045,0.0010221
RD,SUB404A,CO2e,2046,0.0010689
RD,SUB404A,CO2e,2047,0.001116
RD,SUB404A,CO2e,2048,0.0011631
RD,SUB404A,CO2e,2049,0.0012099
RD,SUB404A,CO2e,2050,0.0012569999999999
RD,SUB410A,CO2e,2025,4.77e-05
RD,SUB410A,CO2e,2026,7.47e-05
RD,SUB410A,CO2e,2027,0.000102
RD,SUB410A,CO2e,2028,0.0001289999999999
RD,SUB410A,CO2e,2029,0.0001563
RD,SUB410A,CO2e,2030,0.0001835999999999
RD,SUB410A,CO2e,2031,0.0002106
RD,SUB410A,CO2e,2032,0.0002378999999999
RD,SUB410A,CO2e,2033,0.0002649
RD,SUB410A,CO2e,2034,0.0002922
RD,SUB410A,CO2e,2035,0.0003195
RD,SUB410A,CO2e,2036,0.0003465
RD,SUB410A,CO2e,2037,0.0003738
RD,SUB410A,CO2e,2038,0.0004007999999999
RD,SUB410A,CO2e,2039,0.0004281
RD,SUB410A,CO2e,2040,0.0004553999999999
RD,SUB410A,CO2e,2041,0.0004824
RD,SUB410A,CO2e,2042,0.0005096999999999
RD,SUB410A,CO2e,2043,0.0005366999999999
RD,SUB410A,CO2e,2044,0.000564
RD,SUB410A,CO2e,2045,0.0005913
RD,SUB410A,CO2e,2046,0.0006183
RD,SUB410A,CO2e,2047,0.0006455999999999
RD,SUB410A,CO2e,2048,0.0006726
RD,SUB410A,CO2e,2049,0.0006999
RD,SUB410A,CO2e,2050,0.0007272
